,YEAR,MONTH,STATE,energy,energy_2019,change,month_year,state,state_name,population
4,2020,1,CA,13894378,14124214,-0.01627248071998909,Jan 2020,California,California,-39538223.0
42,2020,1,TX,37446869,38718324,-0.03283858567845034,Jan 2020,Texas,Texas,-29145505.0
8,2020,1,FL,18698080,18388924,0.016812076660929154,Jan 2020,Florida,Florida,-21538187.0
33,2020,1,NY,11239096,11615895,-0.03243822365818561,Jan 2020,New York,New York,-20201249.0
37,2020,1,PA,20764805,21069354,-0.014454595997580182,Jan 2020,Pennsylvania,Pennsylvania,-13002700.0
13,2020,1,IL,15344739,17608524,-0.12856188286991005,Jan 2020,Illinois,Illinois,-12812508.0
34,2020,1,OH,11424792,11515081,-0.007840934857514246,Jan 2020,Ohio,Ohio,-11799448.0
9,2020,1,GA,9703510,10811646,-0.10249466177490459,Jan 2020,Georgia,Georgia,-10711908.0
26,2020,1,NC,10917050,11765585,-0.0721200858265866,Jan 2020,North Carolina,North Carolina,-10439388.0
21,2020,1,MI,10714321,10553593,0.015229694758931864,Jan 2020,Michigan,Michigan,-10077331.0
30,2020,1,NJ,5454996,5926222,-0.0795154147110925,Jan 2020,New Jersey,New Jersey,-9288994.0
45,2020,1,VA,9629808,8903311,0.08159851992140901,Jan 2020,Virginia,Virginia,-8631393.0
47,2020,1,WA,10311727,9441799,0.09213583131773934,Jan 2020,Washington,Washington,-7705281.0
3,2020,1,AZ,8550692,9034832,-0.053585943822751766,Jan 2020,Arizona,Arizona,-7151502.0
18,2020,1,MA,1756146,2292099,-0.23382628760799598,Jan 2020,Massachusetts,Massachusetts,-7029917.0
41,2020,1,TN,7109543,7191784,-0.011435410184733022,Jan 2020,Tennessee,Tennessee,-6910840.0
14,2020,1,IN,7679330,10092672,-0.23911824341462795,Jan 2020,Indiana,Indiana,-6785528.0
19,2020,1,MD,2826249,3555003,-0.20499391983635457,Jan 2020,Maryland,Maryland,-6177224.0
23,2020,1,MO,7035317,8012122,-0.12191589194473075,Jan 2020,Missouri,Missouri,-6154913.0
48,2020,1,WI,5579473,5913641,-0.05650799566629087,Jan 2020,Wisconsin,Wisconsin,-5893718.0
5,2020,1,CO,4859407,5052923,-0.038297832759375115,Jan 2020,Colorado,Colorado,-5773714.0
22,2020,1,MN,5313657,5367348,-0.010003264181864115,Jan 2020,Minnesota,Minnesota,-5706494.0
39,2020,1,SC,8750284,9047901,-0.03289348546143465,Jan 2020,South Carolina,South Carolina,-5118425.0
1,2020,1,AL,11566431,12465965,-0.0721591950562993,Jan 2020,Alabama,Alabama,-5024279.0
17,2020,1,LA,7982495,7816799,0.021197423651292555,Jan 2020,Louisiana,Louisiana,-4657757.0
16,2020,1,KY,5837804,7139115,-0.18227903598695355,Jan 2020,Kentucky,Kentucky,-4505836.0
36,2020,1,OR,6044877,5587043,0.08194567323000736,Jan 2020,Oregon,Oregon,-4237256.0
35,2020,1,OK,7150174,7201241,-0.0070914166044435956,Jan 2020,Oklahoma,Oklahoma,-3959353.0
6,2020,1,CT,3760637,3440014,0.09320398114658836,Jan 2020,Connecticut,Connecticut,-3605944.0
44,2020,1,UT,3179559,3732186,-0.14807059455236155,Jan 2020,Utah,Utah,-3271616.0
11,2020,1,IA,5088396,5746758,-0.11456233236200307,Jan 2020,Iowa,Iowa,-3190369.0
32,2020,1,NV,3086087,3092459,-0.0020604961941290086,Jan 2020,Nevada,Nevada,-3104614.0
2,2020,1,AR,4446681,6039707,-0.2637588214130255,Jan 2020,Arkansas,Arkansas,-3011524.0
24,2020,1,MS,5880141,5132777,0.14560616991542785,Jan 2020,Mississippi,Mississippi,-2961279.0
15,2020,1,KS,4364737,4377633,-0.0029458842255620787,Jan 2020,Kansas,Kansas,-2937880.0
31,2020,1,NM,3160923,2917357,0.08348858230240591,Jan 2020,New Mexico,New Mexico,-2117522.0
28,2020,1,NE,3575315,3330481,0.0735131051640889,Jan 2020,Nebraska,Nebraska,-1961504.0
12,2020,1,ID,1511289,1545605,-0.022202309128140762,Jan 2020,Idaho,Idaho,-1839106.0
49,2020,1,WV,4179204,6797577,-0.3851921059518708,Jan 2020,West Virginia,West Virginia,-1793716.0
10,2020,1,HI,793114,771148,0.028484804473330672,Jan 2020,Hawaii,Hawaii,-1455271.0
29,2020,1,NH,1529795,1579463,-0.031446130741904055,Jan 2020,New Hampshire,New Hampshire,-1377529.0
20,2020,1,ME,922368,1115229,-0.17293398934209925,Jan 2020,Maine,Maine,-1362359.0
38,2020,1,RI,513531,429730,0.19500849370534987,Jan 2020,Rhode Island,Rhode Island,-1097379.0
25,2020,1,MT,2162168,2571145,-0.15906415235235663,Jan 2020,Montana,Montana,-1084225.0
7,2020,1,DE,338235,291837,0.1589860093134181,Jan 2020,Delaware,Delaware,-989948.0
40,2020,1,SD,1376830,1404766,-0.019886586093342238,Jan 2020,South Dakota,South Dakota,-886667.0
27,2020,1,ND,3962512,3944454,0.0045780734164982025,Jan 2020,North Dakota,North Dakota,-779094.0
0,2020,1,AK,616446,584720,0.05425844848816527,Jan 2020,Alaska,Alaska,-733391.0
46,2020,1,VT,202300,240258,-0.15798849570045534,Jan 2020,Vermont,Vermont,-643077.0
50,2020,1,WY,3585026,4143632,-0.13481071678179915,Jan 2020,Wyoming,Wyoming,-576851.0
55,2020,2,CA,13110268,14225027,-0.07836603754776704,Feb 2020,California,California,-39538223.0
93,2020,2,TX,35740773,33959651,0.05244818328668925,Feb 2020,Texas,Texas,-29145505.0
59,2020,2,FL,17748863,16408917,0.08165962445906698,Feb 2020,Florida,Florida,-21538187.0
84,2020,2,NY,10337850,10226836,0.010855165761922848,Feb 2020,New York,New York,-20201249.0
88,2020,2,PA,18262539,18245440,0.0009371656698879281,Feb 2020,Pennsylvania,Pennsylvania,-13002700.0
64,2020,2,IL,14158842,14813102,-0.044167656443599726,Feb 2020,Illinois,Illinois,-12812508.0
85,2020,2,OH,10328484,10193198,0.013272184058427982,Feb 2020,Ohio,Ohio,-11799448.0
60,2020,2,GA,9105876,8375317,0.08722762374248043,Feb 2020,Georgia,Georgia,-10711908.0
77,2020,2,NC,10266625,9177524,0.11867046057302602,Feb 2020,North Carolina,North Carolina,-10439388.0
72,2020,2,MI,9166379,9700616,-0.055072481994957845,Feb 2020,Michigan,Michigan,-10077331.0
81,2020,2,NJ,4837398,5563634,-0.13053266983414077,Feb 2020,New Jersey,New Jersey,-9288994.0
96,2020,2,VA,8689300,8233187,0.05539932470864563,Feb 2020,Virginia,Virginia,-8631393.0
98,2020,2,WA,10281089,7970276,0.2899288556632167,Feb 2020,Washington,Washington,-7705281.0
54,2020,2,AZ,7538303,8420858,-0.10480582857471293,Feb 2020,Arizona,Arizona,-7151502.0
69,2020,2,MA,1503717,2046281,-0.2651463801892311,Feb 2020,Massachusetts,Massachusetts,-7029917.0
92,2020,2,TN,6917311,6014747,0.15005851451440932,Feb 2020,Tennessee,Tennessee,-6910840.0
65,2020,2,IN,7088547,8394551,-0.15557758836654872,Feb 2020,Indiana,Indiana,-6785528.0
70,2020,2,MD,2724579,2833274,-0.03836374455841546,Feb 2020,Maryland,Maryland,-6177224.0
74,2020,2,MO,6446985,6812738,-0.05368663817689745,Feb 2020,Missouri,Missouri,-6154913.0
99,2020,2,WI,5304736,5327540,-0.0042803995840481725,Feb 2020,Wisconsin,Wisconsin,-5893718.0
56,2020,2,CO,4568930,4594604,-0.005587859149558917,Feb 2020,Colorado,Colorado,-5773714.0
73,2020,2,MN,4789400,4755372,0.0071556967572673595,Feb 2020,Minnesota,Minnesota,-5706494.0
90,2020,2,SC,8020836,7689413,0.04310120941611538,Feb 2020,South Carolina,South Carolina,-5118425.0
52,2020,2,AL,10712520,10836300,-0.011422718086431716,Feb 2020,Alabama,Alabama,-5024279.0
68,2020,2,LA,7780572,6727430,0.15654447537915667,Feb 2020,Louisiana,Louisiana,-4657757.0
67,2020,2,KY,5178668,5573242,-0.07079793054024928,Feb 2020,Kentucky,Kentucky,-4505836.0
87,2020,2,OR,6155067,5104267,0.20586697365165263,Feb 2020,Oregon,Oregon,-4237256.0
86,2020,2,OK,6692145,6334330,0.056488215801829084,Feb 2020,Oklahoma,Oklahoma,-3959353.0
57,2020,2,CT,3516233,3061130,0.148671568995763,Feb 2020,Connecticut,Connecticut,-3605944.0
95,2020,2,UT,2772911,3501957,-0.20818245341104988,Feb 2020,Utah,Utah,-3271616.0
62,2020,2,IA,5430271,5138992,0.05668018163873382,Feb 2020,Iowa,Iowa,-3190369.0
83,2020,2,NV,2903129,2945577,-0.01441075891073294,Feb 2020,Nevada,Nevada,-3104614.0
53,2020,2,AR,4201037,5525769,-0.23973712980039522,Feb 2020,Arkansas,Arkansas,-3011524.0
75,2020,2,MS,5704121,4362962,0.30739644305863767,Feb 2020,Mississippi,Mississippi,-2961279.0
66,2020,2,KS,4140584,4436663,-0.06673461563341637,Feb 2020,Kansas,Kansas,-2937880.0
82,2020,2,NM,2658374,3018797,-0.11939292373750206,Feb 2020,New Mexico,New Mexico,-2117522.0
79,2020,2,NE,3252751,2988688,0.08835415406358911,Feb 2020,Nebraska,Nebraska,-1961504.0
63,2020,2,ID,1534960,1534513,0.00029129762993210224,Feb 2020,Idaho,Idaho,-1839106.0
100,2020,2,WV,4926291,4832714,0.01936323978617398,Feb 2020,West Virginia,West Virginia,-1793716.0
61,2020,2,HI,702621,664434,0.05747297699997291,Feb 2020,Hawaii,Hawaii,-1455271.0
80,2020,2,NH,1345498,1265975,0.06281561642212524,Feb 2020,New Hampshire,New Hampshire,-1377529.0
71,2020,2,ME,829579,1041232,-0.20327170121548319,Feb 2020,Maine,Maine,-1362359.0
89,2020,2,RI,574567,359839,0.596733539166127,Feb 2020,Rhode Island,Rhode Island,-1097379.0
76,2020,2,MT,2058199,2389591,-0.13868147310564863,Feb 2020,Montana,Montana,-1084225.0
58,2020,2,DE,303669,312563,-0.028455063459206623,Feb 2020,Delaware,Delaware,-989948.0
91,2020,2,SD,1343416,1057615,0.2702316060192036,Feb 2020,South Dakota,South Dakota,-886667.0
78,2020,2,ND,3856995,3255862,0.18463098251707227,Feb 2020,North Dakota,North Dakota,-779094.0
51,2020,2,AK,550454,526677,0.045145316769101364,Feb 2020,Alaska,Alaska,-733391.0
97,2020,2,VT,184343,225472,-0.18241289384047688,Feb 2020,Vermont,Vermont,-643077.0
101,2020,2,WY,3275258,3933853,-0.1674172878345988,Feb 2020,Wyoming,Wyoming,-576851.0
106,2020,3,CA,14502058,16547329,-0.12360127728166884,Mar 2020,California,California,-39538223.0
144,2020,3,TX,35127855,35387841,-0.007346760713658683,Mar 2020,Texas,Texas,-29145505.0
110,2020,3,FL,19627322,17791536,0.1031831090918738,Mar 2020,Florida,Florida,-21538187.0
135,2020,3,NY,10166667,9548942,0.06469041282269805,Mar 2020,New York,New York,-20201249.0
139,2020,3,PA,18338187,19103748,-0.04007386403966384,Mar 2020,Pennsylvania,Pennsylvania,-13002700.0
115,2020,3,IL,13919493,15658075,-0.11103421078261536,Mar 2020,Illinois,Illinois,-12812508.0
136,2020,3,OH,8918117,10513217,-0.1517233022014099,Mar 2020,Ohio,Ohio,-11799448.0
111,2020,3,GA,8064369,8220918,-0.019042763837323277,Mar 2020,Georgia,Georgia,-10711908.0
128,2020,3,NC,9344807,9761556,-0.04269288625706803,Mar 2020,North Carolina,North Carolina,-10439388.0
123,2020,3,MI,8854681,9577433,-0.07546406223880658,Mar 2020,Michigan,Michigan,-10077331.0
132,2020,3,NJ,4434153,5442446,-0.1852646769485632,Mar 2020,New Jersey,New Jersey,-9288994.0
147,2020,3,VA,9022899,7581236,0.19016199996939814,Mar 2020,Virginia,Virginia,-8631393.0
149,2020,3,WA,9334182,8222490,0.13520138060368575,Mar 2020,Washington,Washington,-7705281.0
105,2020,3,AZ,7135429,8711561,-0.18092417650522105,Mar 2020,Arizona,Arizona,-7151502.0
120,2020,3,MA,885129,2101661,-0.5788431150409129,Mar 2020,Massachusetts,Massachusetts,-7029917.0
143,2020,3,TN,6599902,7392318,-0.10719452274645111,Mar 2020,Tennessee,Tennessee,-6910840.0
116,2020,3,IN,6955587,9147486,-0.2396176392071002,Mar 2020,Indiana,Indiana,-6785528.0
121,2020,3,MD,2861879,3479140,-0.17741769517754388,Mar 2020,Maryland,Maryland,-6177224.0
125,2020,3,MO,5355813,6574261,-0.18533611610491277,Mar 2020,Missouri,Missouri,-6154913.0
150,2020,3,WI,5025266,5157387,-0.02561781770497347,Mar 2020,Wisconsin,Wisconsin,-5893718.0
107,2020,3,CO,4374000,4552975,-0.03930946249430318,Mar 2020,Colorado,Colorado,-5773714.0
124,2020,3,MN,4669810,4768768,-0.02075127160725789,Mar 2020,Minnesota,Minnesota,-5706494.0
141,2020,3,SC,8378917,7893725,0.06146553116557772,Mar 2020,South Carolina,South Carolina,-5118425.0
103,2020,3,AL,10633473,11109092,-0.04281349006741505,Mar 2020,Alabama,Alabama,-5024279.0
119,2020,3,LA,8480361,7200758,0.17770393061397147,Mar 2020,Louisiana,Louisiana,-4657757.0
118,2020,3,KY,4089949,5936450,-0.31104464789562786,Mar 2020,Kentucky,Kentucky,-4505836.0
138,2020,3,OR,5942527,5645647,0.05258564695950703,Mar 2020,Oregon,Oregon,-4237256.0
137,2020,3,OK,6280990,6307875,-0.00426213265164576,Mar 2020,Oklahoma,Oklahoma,-3959353.0
108,2020,3,CT,3463750,3246279,0.06699085321994813,Mar 2020,Connecticut,Connecticut,-3605944.0
146,2020,3,UT,2510935,3184980,-0.2116324121344561,Mar 2020,Utah,Utah,-3271616.0
113,2020,3,IA,4353422,5589524,-0.22114620135811205,Mar 2020,Iowa,Iowa,-3190369.0
134,2020,3,NV,3138008,2959365,0.06036531485639656,Mar 2020,Nevada,Nevada,-3104614.0
104,2020,3,AR,4403272,5121214,-0.14018980655758576,Mar 2020,Arkansas,Arkansas,-3011524.0
126,2020,3,MS,4215011,4971584,-0.15217946634312124,Mar 2020,Mississippi,Mississippi,-2961279.0
117,2020,3,KS,4035070,4147479,-0.027102970262176132,Mar 2020,Kansas,Kansas,-2937880.0
133,2020,3,NM,2584401,2186412,0.18202836427901053,Mar 2020,New Mexico,New Mexico,-2117522.0
130,2020,3,NE,3015523,3123398,-0.034537705409301026,Mar 2020,Nebraska,Nebraska,-1961504.0
114,2020,3,ID,1486639,1468030,0.012676171467885534,Mar 2020,Idaho,Idaho,-1839106.0
151,2020,3,WV,3916829,4685030,-0.16396928087973822,Mar 2020,West Virginia,West Virginia,-1793716.0
112,2020,3,HI,741277,720796,0.028414419613871332,Mar 2020,Hawaii,Hawaii,-1455271.0
131,2020,3,NH,1400750,1496034,-0.06369106584476021,Mar 2020,New Hampshire,New Hampshire,-1377529.0
122,2020,3,ME,970379,1048142,-0.07419128324215613,Mar 2020,Maine,Maine,-1362359.0
140,2020,3,RI,630557,556951,0.1321588434171049,Mar 2020,Rhode Island,Rhode Island,-1097379.0
127,2020,3,MT,2053600,2580503,-0.20418616060512235,Mar 2020,Montana,Montana,-1084225.0
109,2020,3,DE,279874,440166,-0.3641626113784345,Mar 2020,Delaware,Delaware,-989948.0
142,2020,3,SD,1317506,1534006,-0.1411337374169332,Mar 2020,South Dakota,South Dakota,-886667.0
129,2020,3,ND,3494965,3782011,-0.07589771684958081,Mar 2020,North Dakota,North Dakota,-779094.0
102,2020,3,AK,524103,539773,-0.0290307221739509,Mar 2020,Alaska,Alaska,-733391.0
148,2020,3,VT,243935,233565,0.044398775501466405,Mar 2020,Vermont,Vermont,-643077.0
152,2020,3,WY,3458323,3602365,-0.0399853984812755,Mar 2020,Wyoming,Wyoming,-576851.0
157,2020,4,CA,13975893,16204298,-0.13751937911781184,Apr 2020,California,California,-39538223.0
195,2020,4,TX,33608447,33427334,0.005418110819127843,Apr 2020,Texas,Texas,-29145505.0
161,2020,4,FL,19493559,18169391,0.0728790524679666,Apr 2020,Florida,Florida,-21538187.0
186,2020,4,NY,9012812,8966698,0.005142807307662196,Apr 2020,New York,New York,-20201249.0
190,2020,4,PA,14542663,15378192,-0.05433206972575189,Apr 2020,Pennsylvania,Pennsylvania,-13002700.0
166,2020,4,IL,12730288,14361425,-0.11357765681330369,Apr 2020,Illinois,Illinois,-12812508.0
187,2020,4,OH,7975063,8284379,-0.0373372584716368,Apr 2020,Ohio,Ohio,-11799448.0
162,2020,4,GA,8127617,10024010,-0.18918506665496143,Apr 2020,Georgia,Georgia,-10711908.0
179,2020,4,NC,8029164,8132911,-0.012756441082411944,Apr 2020,North Carolina,North Carolina,-10439388.0
174,2020,4,MI,6547298,8580872,-0.23698920109751084,Apr 2020,Michigan,Michigan,-10077331.0
183,2020,4,NJ,4279978,5362036,-0.20179983871797952,Apr 2020,New Jersey,New Jersey,-9288994.0
198,2020,4,VA,7956985,6537274,0.21717171408143518,Apr 2020,Virginia,Virginia,-8631393.0
200,2020,4,WA,8127886,8351157,-0.026735337390974688,Apr 2020,Washington,Washington,-7705281.0
156,2020,4,AZ,7085865,7699422,-0.07968870910050131,Apr 2020,Arizona,Arizona,-7151502.0
171,2020,4,MA,980723,1786144,-0.45092724886683266,Apr 2020,Massachusetts,Massachusetts,-7029917.0
194,2020,4,TN,4859801,5708464,-0.1486674874362,Apr 2020,Tennessee,Tennessee,-6910840.0
167,2020,4,IN,6302110,8226051,-0.233883913435499,Apr 2020,Indiana,Indiana,-6785528.0
172,2020,4,MD,2929146,2894093,0.012111912091283867,Apr 2020,Maryland,Maryland,-6177224.0
176,2020,4,MO,4409213,4863594,-0.09342494459858286,Apr 2020,Missouri,Missouri,-6154913.0
201,2020,4,WI,4301663,4524202,-0.04918856408268243,Apr 2020,Wisconsin,Wisconsin,-5893718.0
158,2020,4,CO,4002712,4163252,-0.03856120167599751,Apr 2020,Colorado,Colorado,-5773714.0
175,2020,4,MN,3981203,4213406,-0.05511052103689984,Apr 2020,Minnesota,Minnesota,-5706494.0
192,2020,4,SC,7109332,7848030,-0.09412527729888902,Apr 2020,South Carolina,South Carolina,-5118425.0
154,2020,4,AL,9207198,9662184,-0.04708935371133483,Apr 2020,Alabama,Alabama,-5024279.0
170,2020,4,LA,7919025,7697916,0.028723228468588123,Apr 2020,Louisiana,Louisiana,-4657757.0
169,2020,4,KY,3608595,4224040,-0.1457005615477126,Apr 2020,Kentucky,Kentucky,-4505836.0
189,2020,4,OR,4767422,5109454,-0.06694100778674199,Apr 2020,Oregon,Oregon,-4237256.0
188,2020,4,OK,6008988,6309793,-0.047672720800825005,Apr 2020,Oklahoma,Oklahoma,-3959353.0
159,2020,4,CT,2932475,2578231,0.13739808419028396,Apr 2020,Connecticut,Connecticut,-3605944.0
197,2020,4,UT,2080140,2253976,-0.07712415748881088,Apr 2020,Utah,Utah,-3271616.0
164,2020,4,IA,4474319,4597542,-0.026801930248815563,Apr 2020,Iowa,Iowa,-3190369.0
185,2020,4,NV,2930833,2762482,0.060941935549263304,Apr 2020,Nevada,Nevada,-3104614.0
155,2020,4,AR,3235428,4141019,-0.21868796062032075,Apr 2020,Arkansas,Arkansas,-3011524.0
177,2020,4,MS,4217333,4965972,-0.1507537698561329,Apr 2020,Mississippi,Mississippi,-2961279.0
168,2020,4,KS,3954615,3607847,0.0961149405725908,Apr 2020,Kansas,Kansas,-2937880.0
184,2020,4,NM,2511038,2544116,-0.013001765642761572,Apr 2020,New Mexico,New Mexico,-2117522.0
181,2020,4,NE,2694097,2729668,-0.01303125508303574,Apr 2020,Nebraska,Nebraska,-1961504.0
165,2020,4,ID,1403930,1436630,-0.022761601804222382,Apr 2020,Idaho,Idaho,-1839106.0
202,2020,4,WV,3436568,4158222,-0.17354869461034067,Apr 2020,West Virginia,West Virginia,-1793716.0
163,2020,4,HI,678734,748365,-0.09304416962311171,Apr 2020,Hawaii,Hawaii,-1455271.0
182,2020,4,NH,588987,1449607,-0.5936919454721176,Apr 2020,New Hampshire,New Hampshire,-1377529.0
173,2020,4,ME,1028712,903954,0.13801365998712323,Apr 2020,Maine,Maine,-1362359.0
191,2020,4,RI,678897,582763,0.1649624289805633,Apr 2020,Rhode Island,Rhode Island,-1097379.0
178,2020,4,MT,2163909,2007748,0.0777791834433405,Apr 2020,Montana,Montana,-1084225.0
160,2020,4,DE,410953,340250,0.20779720793534165,Apr 2020,Delaware,Delaware,-989948.0
193,2020,4,SD,1365925,1426717,-0.04260971166671456,Apr 2020,South Dakota,South Dakota,-886667.0
180,2020,4,ND,3229728,2967214,0.0884715426659486,Apr 2020,North Dakota,North Dakota,-779094.0
153,2020,4,AK,459813,512672,-0.10310490918169903,Apr 2020,Alaska,Alaska,-733391.0
199,2020,4,VT,241857,240266,0.006621827474549042,Apr 2020,Vermont,Vermont,-643077.0
203,2020,4,WY,2963180,2922523,0.013911609934293075,Apr 2020,Wyoming,Wyoming,-576851.0
208,2020,5,CA,15397397,16253899,-0.052695171786166506,May 2020,California,California,-39538223.0
246,2020,5,TX,38518731,40327466,-0.044851193972862066,May 2020,Texas,Texas,-29145505.0
212,2020,5,FL,20785114,22148311,-0.061548575871090125,May 2020,Florida,Florida,-21538187.0
237,2020,5,NY,9072667,9925374,-0.08591182558964529,May 2020,New York,New York,-20201249.0
241,2020,5,PA,16325139,17183692,-0.049963244220159436,May 2020,Pennsylvania,Pennsylvania,-13002700.0
217,2020,5,IL,13356051,14643882,-0.08794327897479644,May 2020,Illinois,Illinois,-12812508.0
238,2020,5,OH,8189507,9739014,-0.15910306731256368,May 2020,Ohio,Ohio,-11799448.0
213,2020,5,GA,9839226,11741926,-0.1620432627492287,May 2020,Georgia,Georgia,-10711908.0
230,2020,5,NC,9155999,11127288,-0.1771580820052469,May 2020,North Carolina,North Carolina,-10439388.0
225,2020,5,MI,6879683,9135214,-0.2469051080795699,May 2020,Michigan,Michigan,-10077331.0
234,2020,5,NJ,4155063,4874139,-0.14752882509095452,May 2020,New Jersey,New Jersey,-9288994.0
249,2020,5,VA,7691091,6867580,0.11991283683626547,May 2020,Virginia,Virginia,-8631393.0
251,2020,5,WA,10670037,9779454,0.09106674053582132,May 2020,Washington,Washington,-7705281.0
207,2020,5,AZ,9353287,8421990,0.11057920990169781,May 2020,Arizona,Arizona,-7151502.0
222,2020,5,MA,838861,1479418,-0.4329790498696109,May 2020,Massachusetts,Massachusetts,-7029917.0
245,2020,5,TN,4917996,7191573,-0.316144604247221,May 2020,Tennessee,Tennessee,-6910840.0
218,2020,5,IN,6015371,7741444,-0.2229652504106469,May 2020,Indiana,Indiana,-6785528.0
223,2020,5,MD,2732035,3377867,-0.1911952128369767,May 2020,Maryland,Maryland,-6177224.0
227,2020,5,MO,5117606,5913765,-0.13462810916564996,May 2020,Missouri,Missouri,-6154913.0
252,2020,5,WI,4468678,4826089,-0.0740581037771993,May 2020,Wisconsin,Wisconsin,-5893718.0
209,2020,5,CO,4028114,4142228,-0.02754894226005908,May 2020,Colorado,Colorado,-5773714.0
226,2020,5,MN,3816873,4696250,-0.18725089166888476,May 2020,Minnesota,Minnesota,-5706494.0
243,2020,5,SC,7306793,8944013,-0.18305205951735534,May 2020,South Carolina,South Carolina,-5118425.0
205,2020,5,AL,10901228,12255001,-0.1104669840500217,May 2020,Alabama,Alabama,-5024279.0
221,2020,5,LA,8388374,8561607,-0.020233701453477134,May 2020,Louisiana,Louisiana,-4657757.0
220,2020,5,KY,4551806,5677291,-0.19824331710317475,May 2020,Kentucky,Kentucky,-4505836.0
240,2020,5,OR,4560253,4597194,-0.008035553861768723,May 2020,Oregon,Oregon,-4237256.0
239,2020,5,OK,6374979,6217418,0.025341870210431404,May 2020,Oklahoma,Oklahoma,-3959353.0
210,2020,5,CT,2658629,2796280,-0.04922647231321613,May 2020,Connecticut,Connecticut,-3605944.0
248,2020,5,UT,2423817,2758187,-0.12122818358581199,May 2020,Utah,Utah,-3271616.0
215,2020,5,IA,4299915,4477115,-0.039579059282596044,May 2020,Iowa,Iowa,-3190369.0
236,2020,5,NV,3150694,2857065,0.10277295056290284,May 2020,Nevada,Nevada,-3104614.0
206,2020,5,AR,4094709,5203857,-0.21313960010815056,May 2020,Arkansas,Arkansas,-3011524.0
228,2020,5,MS,5323106,5299131,0.004524326724513888,May 2020,Mississippi,Mississippi,-2961279.0
219,2020,5,KS,3978161,3928256,0.012704110933706969,May 2020,Kansas,Kansas,-2937880.0
235,2020,5,NM,2542711,2498381,0.017743490684567327,May 2020,New Mexico,New Mexico,-2117522.0
232,2020,5,NE,2821590,2442661,0.15512959022967165,May 2020,Nebraska,Nebraska,-1961504.0
216,2020,5,ID,1387530,1428322,-0.028559386468877467,May 2020,Idaho,Idaho,-1839106.0
253,2020,5,WV,4946153,5542052,-0.10752317011821615,May 2020,West Virginia,West Virginia,-1793716.0
214,2020,5,HI,712238,821538,-0.1330431459043891,May 2020,Hawaii,Hawaii,-1455271.0
233,2020,5,NH,1301827,1266969,0.027512906787774603,May 2020,New Hampshire,New Hampshire,-1377529.0
224,2020,5,ME,981272,904606,0.08475070914851328,May 2020,Maine,Maine,-1362359.0
242,2020,5,RI,652300,613312,0.06356960242095377,May 2020,Rhode Island,Rhode Island,-1097379.0
229,2020,5,MT,1687020,1752406,-0.037312129723363195,May 2020,Montana,Montana,-1084225.0
211,2020,5,DE,368814,391285,-0.05742872842046079,May 2020,Delaware,Delaware,-989948.0
244,2020,5,SD,1033672,1445888,-0.28509538774787535,May 2020,South Dakota,South Dakota,-886667.0
231,2020,5,ND,3087158,2887437,0.06916895502828287,May 2020,North Dakota,North Dakota,-779094.0
204,2020,5,AK,518054,515196,0.005547403318348745,May 2020,Alaska,Alaska,-733391.0
250,2020,5,VT,244235,239471,0.019893849359630185,May 2020,Vermont,Vermont,-643077.0
254,2020,5,WY,2949719,2470875,0.19379531542469772,May 2020,Wyoming,Wyoming,-576851.0
259,2020,6,CA,17161055,17939475,-0.04339145933757816,Jun 2020,California,California,-39538223.0
297,2020,6,TX,43621404,43505437,0.0026655748797558337,Jun 2020,Texas,Texas,-29145505.0
263,2020,6,FL,23181429,22923871,0.011235362474339521,Jun 2020,Florida,Florida,-21538187.0
288,2020,6,NY,11074652,10778240,0.027500964907072028,Jun 2020,New York,New York,-20201249.0
292,2020,6,PA,19488482,18879585,0.03225160934416726,Jun 2020,Pennsylvania,Pennsylvania,-13002700.0
268,2020,6,IL,14652043,15003385,-0.02341751544734738,Jun 2020,Illinois,Illinois,-12812508.0
289,2020,6,OH,9829055,10398879,-0.05479667568013821,Jun 2020,Ohio,Ohio,-11799448.0
264,2020,6,GA,10194550,11752996,-0.13259989197647987,Jun 2020,Georgia,Georgia,-10711908.0
281,2020,6,NC,11146431,11553571,-0.03523932124535349,Jun 2020,North Carolina,North Carolina,-10439388.0
276,2020,6,MI,8525409,9778766,-0.12817128459766805,Jun 2020,Michigan,Michigan,-10077331.0
285,2020,6,NJ,5693587,5776390,-0.014334731553790517,Jun 2020,New Jersey,New Jersey,-9288994.0
300,2020,6,VA,8576532,9020859,-0.04925550881573473,Jun 2020,Virginia,Virginia,-8631393.0
302,2020,6,WA,10347034,9263435,0.11697593819139444,Jun 2020,Washington,Washington,-7705281.0
258,2020,6,AZ,9954225,10212233,-0.02526460177710399,Jun 2020,Arizona,Arizona,-7151502.0
273,2020,6,MA,1462634,1382645,0.057852160171265946,Jun 2020,Massachusetts,Massachusetts,-7029917.0
296,2020,6,TN,7382930,6803876,0.08510648930109838,Jun 2020,Tennessee,Tennessee,-6910840.0
269,2020,6,IN,7614805,7314295,0.04108529940342849,Jun 2020,Indiana,Indiana,-6785528.0
274,2020,6,MD,3267659,3177388,0.02841044279137455,Jun 2020,Maryland,Maryland,-6177224.0
278,2020,6,MO,6095005,6342112,-0.038962888072616816,Jun 2020,Missouri,Missouri,-6154913.0
303,2020,6,WI,5521776,4833697,0.14235046176870417,Jun 2020,Wisconsin,Wisconsin,-5893718.0
260,2020,6,CO,4524275,4234214,0.06850409544723059,Jun 2020,Colorado,Colorado,-5773714.0
277,2020,6,MN,4455858,5075829,-0.12214182156254673,Jun 2020,Minnesota,Minnesota,-5706494.0
294,2020,6,SC,8355059,8763932,-0.04665405893153895,Jun 2020,South Carolina,South Carolina,-5118425.0
256,2020,6,AL,12703850,12625519,0.006204180596457064,Jun 2020,Alabama,Alabama,-5024279.0
272,2020,6,LA,9241913,9408418,-0.017697449241732246,Jun 2020,Louisiana,Louisiana,-4657757.0
271,2020,6,KY,6028059,6330683,-0.04780274103125998,Jun 2020,Kentucky,Kentucky,-4505836.0
291,2020,6,OR,4825482,5087871,-0.05157147262578002,Jun 2020,Oregon,Oregon,-4237256.0
290,2020,6,OK,8157217,7339869,0.11135730079106317,Jun 2020,Oklahoma,Oklahoma,-3959353.0
261,2020,6,CT,3706366,3407029,0.08785865926001804,Jun 2020,Connecticut,Connecticut,-3605944.0
299,2020,6,UT,2816486,2924098,-0.03680177613746188,Jun 2020,Utah,Utah,-3271616.0
266,2020,6,IA,5313557,4940767,0.07545184786086856,Jun 2020,Iowa,Iowa,-3190369.0
287,2020,6,NV,3620243,3598094,0.006155759132474027,Jun 2020,Nevada,Nevada,-3104614.0
257,2020,6,AR,4809797,5442809,-0.1163024460347589,Jun 2020,Arkansas,Arkansas,-3011524.0
279,2020,6,MS,6279570,5514852,0.1386651899271277,Jun 2020,Mississippi,Mississippi,-2961279.0
270,2020,6,KS,5359266,4111846,0.30337225664579853,Jun 2020,Kansas,Kansas,-2937880.0
286,2020,6,NM,3051455,2956086,0.03226191660188506,Jun 2020,New Mexico,New Mexico,-2117522.0
283,2020,6,NE,3206619,3146454,0.019121525374278473,Jun 2020,Nebraska,Nebraska,-1961504.0
267,2020,6,ID,1334631,1530254,-0.12783694733031248,Jun 2020,Idaho,Idaho,-1839106.0
304,2020,6,WV,4982769,5517811,-0.09696635133026485,Jun 2020,West Virginia,West Virginia,-1793716.0
265,2020,6,HI,736749,823320,-0.10514866637516397,Jun 2020,Hawaii,Hawaii,-1455271.0
284,2020,6,NH,1300643,1526793,-0.1481209306042142,Jun 2020,New Hampshire,New Hampshire,-1377529.0
275,2020,6,ME,735802,787795,-0.06599813403233075,Jun 2020,Maine,Maine,-1362359.0
293,2020,6,RI,930917,611615,0.5220637165537143,Jun 2020,Rhode Island,Rhode Island,-1097379.0
280,2020,6,MT,1637132,2048648,-0.20087198972200201,Jun 2020,Montana,Montana,-1084225.0
262,2020,6,DE,567155,445745,0.27237546130635226,Jun 2020,Delaware,Delaware,-989948.0
295,2020,6,SD,1203985,1333749,-0.097292669010436,Jun 2020,South Dakota,South Dakota,-886667.0
282,2020,6,ND,3314626,3035677,0.09189021098094428,Jun 2020,North Dakota,North Dakota,-779094.0
255,2020,6,AK,525419,474408,0.10752558978769329,Jun 2020,Alaska,Alaska,-733391.0
301,2020,6,VT,132185,176945,-0.2529599593093899,Jun 2020,Vermont,Vermont,-643077.0
305,2020,6,WY,3070136,3050239,0.006523095403343803,Jun 2020,Wyoming,Wyoming,-576851.0
310,2020,7,CA,20094229,20917461,-0.03935621058406658,Jul 2020,California,California,-39538223.0
348,2020,7,TX,49676326,48793156,0.018100284392343877,Jul 2020,Texas,Texas,-29145505.0
314,2020,7,FL,24899976,24370144,0.021741028694783258,Jul 2020,Florida,Florida,-21538187.0
339,2020,7,NY,13882438,13925322,-0.003079569721978422,Jul 2020,New York,New York,-20201249.0
343,2020,7,PA,23466317,22728918,0.032443207371331974,Jul 2020,Pennsylvania,Pennsylvania,-13002700.0
319,2020,7,IL,16989495,17389556,-0.023005820275112256,Jul 2020,Illinois,Illinois,-12812508.0
340,2020,7,OH,11372429,10886225,0.044662314071223036,Jul 2020,Ohio,Ohio,-11799448.0
315,2020,7,GA,12310989,12769830,-0.035931645135448165,Jul 2020,Georgia,Georgia,-10711908.0
332,2020,7,NC,13523775,13643750,-0.00879340357306459,Jul 2020,North Carolina,North Carolina,-10439388.0
327,2020,7,MI,9785376,11298358,-0.13391167105875032,Jul 2020,Michigan,Michigan,-10077331.0
336,2020,7,NJ,7242026,7532864,-0.03860921954783732,Jul 2020,New Jersey,New Jersey,-9288994.0
351,2020,7,VA,10938002,10342197,0.0576091327597028,Jul 2020,Virginia,Virginia,-8631393.0
353,2020,7,WA,10865999,9932118,0.09402636980350013,Jul 2020,Washington,Washington,-7705281.0
309,2020,7,AZ,11417850,12149699,-0.06023597786249684,Jul 2020,Arizona,Arizona,-7151502.0
324,2020,7,MA,2780046,2740490,0.014433915102773592,Jul 2020,Massachusetts,Massachusetts,-7029917.0
347,2020,7,TN,8925444,8467270,0.054111183415669985,Jul 2020,Tennessee,Tennessee,-6910840.0
320,2020,7,IN,9161454,10138100,-0.09633422436156676,Jul 2020,Indiana,Indiana,-6785528.0
325,2020,7,MD,4091192,4088854,0.0005717983571925043,Jul 2020,Maryland,Maryland,-6177224.0
329,2020,7,MO,7397284,7664515,-0.03486600261073271,Jul 2020,Missouri,Missouri,-6154913.0
354,2020,7,WI,6175401,5844091,0.05669145124536904,Jul 2020,Wisconsin,Wisconsin,-5893718.0
311,2020,7,CO,5053871,5302058,-0.04680955960874061,Jul 2020,Colorado,Colorado,-5773714.0
328,2020,7,MN,5598519,5566954,0.0056700666109330165,Jul 2020,Minnesota,Minnesota,-5706494.0
345,2020,7,SC,9713048,9537844,0.018369350557631264,Jul 2020,South Carolina,South Carolina,-5118425.0
307,2020,7,AL,13726210,13501484,0.016644540703821892,Jul 2020,Alabama,Alabama,-5024279.0
323,2020,7,LA,10224787,10235383,-0.0010352323894474687,Jul 2020,Louisiana,Louisiana,-4657757.0
322,2020,7,KY,7477863,7132620,0.048403391741043265,Jul 2020,Kentucky,Kentucky,-4505836.0
342,2020,7,OR,5658124,5476132,0.033233676616999004,Jul 2020,Oregon,Oregon,-4237256.0
341,2020,7,OK,9032183,8905429,0.014233340134428112,Jul 2020,Oklahoma,Oklahoma,-3959353.0
312,2020,7,CT,4307625,4115602,0.04665732983898832,Jul 2020,Connecticut,Connecticut,-3605944.0
350,2020,7,UT,3378973,3688353,-0.08388025766514214,Jul 2020,Utah,Utah,-3271616.0
317,2020,7,IA,5611488,5857532,-0.042004721442409534,Jul 2020,Iowa,Iowa,-3190369.0
338,2020,7,NV,4196750,4240310,-0.010272833825828772,Jul 2020,Nevada,Nevada,-3104614.0
308,2020,7,AR,6361165,6056266,0.05034438711905983,Jul 2020,Arkansas,Arkansas,-3011524.0
330,2020,7,MS,7300857,7058567,0.03432566411851017,Jul 2020,Mississippi,Mississippi,-2961279.0
321,2020,7,KS,5062259,4834190,0.047178327703296725,Jul 2020,Kansas,Kansas,-2937880.0
337,2020,7,NM,3449515,3410063,0.011569287722836791,Jul 2020,New Mexico,New Mexico,-2117522.0
334,2020,7,NE,3647238,3501830,0.04152343203410788,Jul 2020,Nebraska,Nebraska,-1961504.0
318,2020,7,ID,1585368,1877937,-0.15579276621100707,Jul 2020,Idaho,Idaho,-1839106.0
355,2020,7,WV,6571669,7053471,-0.06830707888357378,Jul 2020,West Virginia,West Virginia,-1793716.0
316,2020,7,HI,780383,858697,-0.09120097077315979,Jul 2020,Hawaii,Hawaii,-1455271.0
335,2020,7,NH,1731427,1777152,-0.025729369237971766,Jul 2020,New Hampshire,New Hampshire,-1377529.0
326,2020,7,ME,888999,845428,0.05153720955539679,Jul 2020,Maine,Maine,-1362359.0
344,2020,7,RI,969934,956249,0.01431112607699459,Jul 2020,Rhode Island,Rhode Island,-1097379.0
331,2020,7,MT,2029077,2604493,-0.2209320585618775,Jul 2020,Montana,Montana,-1084225.0
313,2020,7,DE,896332,948958,-0.05545661662581484,Jul 2020,Delaware,Delaware,-989948.0
346,2020,7,SD,1178940,1112818,0.05941852126762867,Jul 2020,South Dakota,South Dakota,-886667.0
333,2020,7,ND,3499061,3455609,0.01257433928433454,Jul 2020,North Dakota,North Dakota,-779094.0
306,2020,7,AK,536949,503966,0.06544687538445054,Jul 2020,Alaska,Alaska,-733391.0
352,2020,7,VT,156589,157522,-0.005922982186615203,Jul 2020,Vermont,Vermont,-643077.0
356,2020,7,WY,3909906,3762726,0.039115258458893895,Jul 2020,Wyoming,Wyoming,-576851.0
361,2020,8,CA,21895876,21776209,0.005495309123824078,Aug 2020,California,California,-39538223.0
399,2020,8,TX,49269594,51055346,-0.034976787739329,Aug 2020,Texas,Texas,-29145505.0
365,2020,8,FL,25178527,24361052,0.03355663786604946,Aug 2020,Florida,Florida,-21538187.0
390,2020,8,NY,12811564,12890254,-0.00610461205807116,Aug 2020,New York,New York,-20201249.0
394,2020,8,PA,22685777,21603483,0.05009812538098602,Aug 2020,Pennsylvania,Pennsylvania,-13002700.0
370,2020,8,IL,15212726,15825331,-0.03871040675231374,Aug 2020,Illinois,Illinois,-12812508.0
391,2020,8,OH,11382212,10648213,0.06893166017621924,Aug 2020,Ohio,Ohio,-11799448.0
366,2020,8,GA,12313783,12567366,-0.020177895670421313,Aug 2020,Georgia,Georgia,-10711908.0
383,2020,8,NC,12667474,13294040,-0.04713134607688859,Aug 2020,North Carolina,North Carolina,-10439388.0
378,2020,8,MI,9820693,10838601,-0.09391507261868944,Aug 2020,Michigan,Michigan,-10077331.0
387,2020,8,NJ,6676731,7003753,-0.04669239477748573,Aug 2020,New Jersey,New Jersey,-9288994.0
402,2020,8,VA,10066339,9969493,0.009714235217377654,Aug 2020,Virginia,Virginia,-8631393.0
404,2020,8,WA,9884223,9966218,-0.008227293442708157,Aug 2020,Washington,Washington,-7705281.0
360,2020,8,AZ,11732470,12357363,-0.05056847484370249,Aug 2020,Arizona,Arizona,-7151502.0
375,2020,8,MA,2236168,2030526,0.10127523607183557,Aug 2020,Massachusetts,Massachusetts,-7029917.0
398,2020,8,TN,8108989,8019627,0.011142912257639912,Aug 2020,Tennessee,Tennessee,-6910840.0
371,2020,8,IN,8866474,8581572,0.03319927864032371,Aug 2020,Indiana,Indiana,-6785528.0
376,2020,8,MD,3267797,3769568,-0.13311100900686762,Aug 2020,Maryland,Maryland,-6177224.0
380,2020,8,MO,7373229,7404501,-0.004223377105357944,Aug 2020,Missouri,Missouri,-6154913.0
405,2020,8,WI,6403784,5818294,0.10062915349413419,Aug 2020,Wisconsin,Wisconsin,-5893718.0
362,2020,8,CO,5209243,5370397,-0.03000783740941312,Aug 2020,Colorado,Colorado,-5773714.0
379,2020,8,MN,5281273,5191163,0.01735834532647116,Aug 2020,Minnesota,Minnesota,-5706494.0
396,2020,8,SC,9396538,9035648,0.03994068826054313,Aug 2020,South Carolina,South Carolina,-5118425.0
358,2020,8,AL,13599500,13668436,-0.005043444619413662,Aug 2020,Alabama,Alabama,-5024279.0
374,2020,8,LA,9472672,10052178,-0.057649794900169894,Aug 2020,Louisiana,Louisiana,-4657757.0
373,2020,8,KY,6776778,7050433,-0.03881392816583038,Aug 2020,Kentucky,Kentucky,-4505836.0
393,2020,8,OR,5676047,5472985,0.03710260488563371,Aug 2020,Oregon,Oregon,-4237256.0
392,2020,8,OK,8076683,8916196,-0.09415596068098997,Aug 2020,Oklahoma,Oklahoma,-3959353.0
363,2020,8,CT,3967510,3852110,0.029957607648795077,Aug 2020,Connecticut,Connecticut,-3605944.0
401,2020,8,UT,4073064,3790270,0.07461051587353935,Aug 2020,Utah,Utah,-3271616.0
368,2020,8,IA,5429490,5019040,0.08177858714017024,Aug 2020,Iowa,Iowa,-3190369.0
389,2020,8,NV,4413690,4456360,-0.009575079212630936,Aug 2020,Nevada,Nevada,-3104614.0
359,2020,8,AR,6398711,6500754,-0.01569710221306636,Aug 2020,Arkansas,Arkansas,-3011524.0
381,2020,8,MS,6727068,7230780,-0.06966219412013641,Aug 2020,Mississippi,Mississippi,-2961279.0
372,2020,8,KS,5148163,4406197,0.16839147228324108,Aug 2020,Kansas,Kansas,-2937880.0
388,2020,8,NM,3442955,3618888,-0.048615209976103156,Aug 2020,New Mexico,New Mexico,-2117522.0
385,2020,8,NE,3299913,3333431,-0.010055105385412207,Aug 2020,Nebraska,Nebraska,-1961504.0
369,2020,8,ID,1703155,1816596,-0.06244701628760605,Aug 2020,Idaho,Idaho,-1839106.0
406,2020,8,WV,6225483,6102421,0.020166094735187885,Aug 2020,West Virginia,West Virginia,-1793716.0
367,2020,8,HI,781130,906355,-0.1381633024587496,Aug 2020,Hawaii,Hawaii,-1455271.0
386,2020,8,NH,1519528,1673435,-0.09197070695903935,Aug 2020,New Hampshire,New Hampshire,-1377529.0
377,2020,8,ME,686503,616155,0.11417257021366377,Aug 2020,Maine,Maine,-1362359.0
395,2020,8,RI,938042,989295,-0.05180760036187386,Aug 2020,Rhode Island,Rhode Island,-1097379.0
382,2020,8,MT,2239567,2777312,-0.19362066631332742,Aug 2020,Montana,Montana,-1084225.0
364,2020,8,DE,829590,751310,0.10419134578269955,Aug 2020,Delaware,Delaware,-989948.0
397,2020,8,SD,1116333,904213,0.23459074355268061,Aug 2020,South Dakota,South Dakota,-886667.0
384,2020,8,ND,3587986,3627761,-0.010964062957840939,Aug 2020,North Dakota,North Dakota,-779094.0
357,2020,8,AK,504949,488853,0.03292605343528627,Aug 2020,Alaska,Alaska,-733391.0
403,2020,8,VT,120103,124442,-0.03486764918596615,Aug 2020,Vermont,Vermont,-643077.0
407,2020,8,WY,3753537,3857921,-0.027057060007190402,Aug 2020,Wyoming,Wyoming,-576851.0
412,2020,9,CA,17973901,18268620,-0.016132526704261185,Sep 2020,California,California,-39538223.0
450,2020,9,TX,40330535,45715086,-0.11778499115149865,Sep 2020,Texas,Texas,-29145505.0
416,2020,9,FL,22800678,23299740,-0.021419208969713825,Sep 2020,Florida,Florida,-21538187.0
441,2020,9,NY,10725883,11069478,-0.031039855718580405,Sep 2020,New York,New York,-20201249.0
445,2020,9,PA,19877117,19150280,0.037954379779303486,Sep 2020,Pennsylvania,Pennsylvania,-13002700.0
421,2020,9,IL,13186622,14433373,-0.0863797395106466,Sep 2020,Illinois,Illinois,-12812508.0
442,2020,9,OH,9627331,10075580,-0.044488654747419004,Sep 2020,Ohio,Ohio,-11799448.0
417,2020,9,GA,10142297,11791840,-0.13988851612640607,Sep 2020,Georgia,Georgia,-10711908.0
434,2020,9,NC,9841223,11974573,-0.17815666579509767,Sep 2020,North Carolina,North Carolina,-10439388.0
429,2020,9,MI,8076145,9561337,-0.1553330878307082,Sep 2020,Michigan,Michigan,-10077331.0
438,2020,9,NJ,5251050,6113710,-0.14110253839321787,Sep 2020,New Jersey,New Jersey,-9288994.0
453,2020,9,VA,7691990,7961358,-0.03383442874946711,Sep 2020,Virginia,Virginia,-8631393.0
455,2020,9,WA,8547154,7915352,0.07981982355301445,Sep 2020,Washington,Washington,-7705281.0
411,2020,9,AZ,10436764,10863150,-0.03925067775000805,Sep 2020,Arizona,Arizona,-7151502.0
426,2020,9,MA,1408778,1305281,0.079290972595173,Sep 2020,Massachusetts,Massachusetts,-7029917.0
449,2020,9,TN,7076286,7393588,-0.042915834639419996,Sep 2020,Tennessee,Tennessee,-6910840.0
422,2020,9,IN,7289153,8062016,-0.0958647316006319,Sep 2020,Indiana,Indiana,-6785528.0
427,2020,9,MD,2775495,3252427,-0.14663880234667834,Sep 2020,Maryland,Maryland,-6177224.0
431,2020,9,MO,6093161,6364424,-0.04262176750009113,Sep 2020,Missouri,Missouri,-6154913.0
456,2020,9,WI,4873565,5020206,-0.029210155917904563,Sep 2020,Wisconsin,Wisconsin,-5893718.0
413,2020,9,CO,4334621,4681862,-0.0741672864343289,Sep 2020,Colorado,Colorado,-5773714.0
430,2020,9,MN,4118742,4861873,-0.1528487066609926,Sep 2020,Minnesota,Minnesota,-5706494.0
447,2020,9,SC,8284539,8282349,0.0002644177394601459,Sep 2020,South Carolina,South Carolina,-5118425.0
409,2020,9,AL,12190996,12573070,-0.030388282257237095,Sep 2020,Alabama,Alabama,-5024279.0
425,2020,9,LA,7829627,9525616,-0.1780450734104755,Sep 2020,Louisiana,Louisiana,-4657757.0
424,2020,9,KY,4852245,6880290,-0.2947615580157232,Sep 2020,Kentucky,Kentucky,-4505836.0
444,2020,9,OR,5000431,5073713,-0.01444346576166212,Sep 2020,Oregon,Oregon,-4237256.0
443,2020,9,OK,6559708,8142785,-0.194414687358195,Sep 2020,Oklahoma,Oklahoma,-3959353.0
414,2020,9,CT,3599138,3328585,0.08128168576136707,Sep 2020,Connecticut,Connecticut,-3605944.0
452,2020,9,UT,3687299,3254738,0.1329019417231126,Sep 2020,Utah,Utah,-3271616.0
419,2020,9,IA,4727796,5120283,-0.07665338029167529,Sep 2020,Iowa,Iowa,-3190369.0
440,2020,9,NV,3886715,3703737,0.0494036158614934,Sep 2020,Nevada,Nevada,-3104614.0
410,2020,9,AR,4457497,6093116,-0.26843720027650875,Sep 2020,Arkansas,Arkansas,-3011524.0
432,2020,9,MS,5951079,6462999,-0.07920781049169279,Sep 2020,Mississippi,Mississippi,-2961279.0
423,2020,9,KS,4490534,4672149,-0.03887183392481704,Sep 2020,Kansas,Kansas,-2937880.0
439,2020,9,NM,3254656,3221077,0.010424774074013134,Sep 2020,New Mexico,New Mexico,-2117522.0
436,2020,9,NE,2665391,3246488,-0.17899249897119596,Sep 2020,Nebraska,Nebraska,-1961504.0
420,2020,9,ID,1395531,1579343,-0.11638510443899773,Sep 2020,Idaho,Idaho,-1839106.0
457,2020,9,WV,4236393,5197523,-0.1849207786093491,Sep 2020,West Virginia,West Virginia,-1793716.0
418,2020,9,HI,760737,878334,-0.13388642589265587,Sep 2020,Hawaii,Hawaii,-1455271.0
437,2020,9,NH,1443728,1381939,0.04471181434202233,Sep 2020,New Hampshire,New Hampshire,-1377529.0
428,2020,9,ME,576671,618960,-0.06832267028564043,Sep 2020,Maine,Maine,-1362359.0
446,2020,9,RI,908689,655506,0.38624055309943767,Sep 2020,Rhode Island,Rhode Island,-1097379.0
433,2020,9,MT,1642812,2499023,-0.34261829522977577,Sep 2020,Montana,Montana,-1084225.0
415,2020,9,DE,425955,442475,-0.037335442680377424,Sep 2020,Delaware,Delaware,-989948.0
448,2020,9,SD,857751,977036,-0.12208864361190376,Sep 2020,South Dakota,South Dakota,-886667.0
435,2020,9,ND,3346249,3248496,0.030091771699888196,Sep 2020,North Dakota,North Dakota,-779094.0
408,2020,9,AK,437292,429399,0.018381505313240135,Sep 2020,Alaska,Alaska,-733391.0
454,2020,9,VT,84184,113999,-0.2615373819068588,Sep 2020,Vermont,Vermont,-643077.0
458,2020,9,WY,3198854,3698747,-0.13515198525338445,Sep 2020,Wyoming,Wyoming,-576851.0
463,2020,10,CA,16702614,16451659,0.015254084709633235,Oct 2020,California,California,-39538223.0
501,2020,10,TX,38377984,38322018,0.0014604136974206317,Oct 2020,Texas,Texas,-29145505.0
467,2020,10,FL,22069726,22486239,-0.018523017566432518,Oct 2020,Florida,Florida,-21538187.0
492,2020,10,NY,10077987,10523100,-0.042298657239786756,Oct 2020,New York,New York,-20201249.0
496,2020,10,PA,18103156,17522661,0.03312824461992388,Oct 2020,Pennsylvania,Pennsylvania,-13002700.0
472,2020,10,IL,13715426,13929183,-0.015345982603574093,Oct 2020,Illinois,Illinois,-12812508.0
493,2020,10,OH,9074008,8349045,0.0868318472352227,Oct 2020,Ohio,Ohio,-11799448.0
468,2020,10,GA,9353560,9980960,-0.06285968483993523,Oct 2020,Georgia,Georgia,-10711908.0
485,2020,10,NC,8639070,9734420,-0.11252339636054332,Oct 2020,North Carolina,North Carolina,-10439388.0
480,2020,10,MI,8218009,8839516,-0.07031007127539562,Oct 2020,Michigan,Michigan,-10077331.0
489,2020,10,NJ,4757648,5720639,-0.16833626453268594,Oct 2020,New Jersey,New Jersey,-9288994.0
504,2020,10,VA,7007291,6241486,0.12269594131910254,Oct 2020,Virginia,Virginia,-8631393.0
506,2020,10,WA,8622842,7695607,0.12048887111828865,Oct 2020,Washington,Washington,-7705281.0
462,2020,10,AZ,9586872,9148078,0.04796570383418244,Oct 2020,Arizona,Arizona,-7151502.0
477,2020,10,MA,1640870,1358619,0.2077484563369127,Oct 2020,Massachusetts,Massachusetts,-7029917.0
500,2020,10,TN,6144464,5297249,0.15993490205954072,Oct 2020,Tennessee,Tennessee,-6910840.0
473,2020,10,IN,7237228,7651316,-0.05411984029936811,Oct 2020,Indiana,Indiana,-6785528.0
478,2020,10,MD,3035228,2988340,0.01569031636293059,Oct 2020,Maryland,Maryland,-6177224.0
482,2020,10,MO,5299373,5737896,-0.0764257490899103,Oct 2020,Missouri,Missouri,-6154913.0
507,2020,10,WI,4429942,5011508,-0.11604610827718922,Oct 2020,Wisconsin,Wisconsin,-5893718.0
464,2020,10,CO,4145935,4527946,-0.08436739307403401,Oct 2020,Colorado,Colorado,-5773714.0
481,2020,10,MN,4446107,4621528,-0.03795735955727197,Oct 2020,Minnesota,Minnesota,-5706494.0
498,2020,10,SC,7614037,7745136,-0.01692662336723332,Oct 2020,South Carolina,South Carolina,-5118425.0
460,2020,10,AL,10160773,11265930,-0.09809727204056834,Oct 2020,Alabama,Alabama,-5024279.0
476,2020,10,LA,7373588,8225093,-0.10352527320967678,Oct 2020,Louisiana,Louisiana,-4657757.0
475,2020,10,KY,4385368,5275858,-0.16878581644919177,Oct 2020,Kentucky,Kentucky,-4505836.0
495,2020,10,OR,4855799,4672531,0.03922242570461277,Oct 2020,Oregon,Oregon,-4237256.0
494,2020,10,OK,5982103,6879158,-0.1304018602276616,Oct 2020,Oklahoma,Oklahoma,-3959353.0
465,2020,10,CT,2459847,3094269,-0.20503130141561707,Oct 2020,Connecticut,Connecticut,-3605944.0
503,2020,10,UT,3498595,3064635,0.14160250731326895,Oct 2020,Utah,Utah,-3271616.0
470,2020,10,IA,4758328,4510441,0.05495848410388252,Oct 2020,Iowa,Iowa,-3190369.0
491,2020,10,NV,3488988,3211157,0.08652052827065136,Oct 2020,Nevada,Nevada,-3104614.0
461,2020,10,AR,4181880,4689230,-0.10819473559624927,Oct 2020,Arkansas,Arkansas,-3011524.0
483,2020,10,MS,5295974,5414809,-0.02194629579732175,Oct 2020,Mississippi,Mississippi,-2961279.0
474,2020,10,KS,4480368,3532556,0.26830770694081,Oct 2020,Kansas,Kansas,-2937880.0
490,2020,10,NM,2304501,3018607,-0.2365680593730817,Oct 2020,New Mexico,New Mexico,-2117522.0
487,2020,10,NE,2560838,2908638,-0.11957486631199894,Oct 2020,Nebraska,Nebraska,-1961504.0
471,2020,10,ID,1344812,1328633,0.012177177595317895,Oct 2020,Idaho,Idaho,-1839106.0
508,2020,10,WV,3964808,4358758,-0.09038125080584883,Oct 2020,West Virginia,West Virginia,-1793716.0
469,2020,10,HI,830188,887193,-0.06425321209702962,Oct 2020,Hawaii,Hawaii,-1455271.0
488,2020,10,NH,1448535,1632962,-0.11294016639701353,Oct 2020,New Hampshire,New Hampshire,-1377529.0
479,2020,10,ME,688673,773902,-0.11012893105328582,Oct 2020,Maine,Maine,-1362359.0
497,2020,10,RI,677403,810419,-0.16413238090419893,Oct 2020,Rhode Island,Rhode Island,-1097379.0
484,2020,10,MT,1607599,2074919,-0.22522324967866217,Oct 2020,Montana,Montana,-1084225.0
466,2020,10,DE,233006,365718,-0.36288068949299734,Oct 2020,Delaware,Delaware,-989948.0
499,2020,10,SD,932501,984282,-0.052607890828035055,Oct 2020,South Dakota,South Dakota,-886667.0
486,2020,10,ND,3446750,3356629,0.02684866275063464,Oct 2020,North Dakota,North Dakota,-779094.0
459,2020,10,AK,423251,466995,-0.09367123845009047,Oct 2020,Alaska,Alaska,-733391.0
505,2020,10,VT,169206,146251,0.15695619175253503,Oct 2020,Vermont,Vermont,-643077.0
509,2020,10,WY,3651078,3402626,0.07301772219456384,Oct 2020,Wyoming,Wyoming,-576851.0
514,2020,11,CA,13983223,14350864,-0.025618039443478804,Nov 2020,California,California,-39538223.0
552,2020,11,TX,34050219,36010979,-0.05444895013823423,Nov 2020,Texas,Texas,-29145505.0
518,2020,11,FL,18438902,17354303,0.06249741058456799,Nov 2020,Florida,Florida,-21538187.0
543,2020,11,NY,10321587,10603969,-0.026629840204172608,Nov 2020,New York,New York,-20201249.0
547,2020,11,PA,16633937,18024800,-0.07716385202609738,Nov 2020,Pennsylvania,Pennsylvania,-13002700.0
523,2020,11,IL,14138143,15189219,-0.0691988179247399,Nov 2020,Illinois,Illinois,-12812508.0
544,2020,11,OH,10907888,8741107,0.24788404946879153,Nov 2020,Ohio,Ohio,-11799448.0
519,2020,11,GA,9637628,10144355,-0.04995162334125728,Nov 2020,Georgia,Georgia,-10711908.0
536,2020,11,NC,9395011,10460319,-0.1018427831885433,Nov 2020,North Carolina,North Carolina,-10439388.0
531,2020,11,MI,9491861,8630606,0.0997907910522158,Nov 2020,Michigan,Michigan,-10077331.0
540,2020,11,NJ,4288323,5510174,-0.22174454019056386,Nov 2020,New Jersey,New Jersey,-9288994.0
555,2020,11,VA,6938746,6497568,0.0678989431122537,Nov 2020,Virginia,Virginia,-8631393.0
557,2020,11,WA,9123786,8708228,0.04772015615576441,Nov 2020,Washington,Washington,-7705281.0
513,2020,11,AZ,7699098,7541684,0.020872526613419495,Nov 2020,Arizona,Arizona,-7151502.0
528,2020,11,MA,1154916,1265085,-0.08708426706505887,Nov 2020,Massachusetts,Massachusetts,-7029917.0
551,2020,11,TN,5392076,6272287,-0.14033334252721535,Nov 2020,Tennessee,Tennessee,-6910840.0
524,2020,11,IN,7256319,9099131,-0.20252615332167434,Nov 2020,Indiana,Indiana,-6785528.0
529,2020,11,MD,2689782,2972096,-0.09498818342341567,Nov 2020,Maryland,Maryland,-6177224.0
533,2020,11,MO,5330593,6160428,-0.13470411471410754,Nov 2020,Missouri,Missouri,-6154913.0
558,2020,11,WI,4287497,5069311,-0.15422490354211846,Nov 2020,Wisconsin,Wisconsin,-5893718.0
515,2020,11,CO,4179052,4711721,-0.11305189759750206,Nov 2020,Colorado,Colorado,-5773714.0
532,2020,11,MN,4675700,5060078,-0.07596286065155518,Nov 2020,Minnesota,Minnesota,-5706494.0
549,2020,11,SC,6982218,7065448,-0.0117798616591616,Nov 2020,South Carolina,South Carolina,-5118425.0
511,2020,11,AL,9966521,11240310,-0.1133232980229193,Nov 2020,Alabama,Alabama,-5024279.0
527,2020,11,LA,7593802,7289196,0.0417886965860158,Nov 2020,Louisiana,Louisiana,-4657757.0
526,2020,11,KY,4585817,4824467,-0.049466604290173403,Nov 2020,Kentucky,Kentucky,-4505836.0
546,2020,11,OR,4958445,4940289,0.003675088643599595,Nov 2020,Oregon,Oregon,-4237256.0
545,2020,11,OK,5230353,5783820,-0.09569229332863056,Nov 2020,Oklahoma,Oklahoma,-3959353.0
516,2020,11,CT,3097180,3432979,-0.09781562893335496,Nov 2020,Connecticut,Connecticut,-3605944.0
554,2020,11,UT,3191851,3262856,-0.021761610074119114,Nov 2020,Utah,Utah,-3271616.0
521,2020,11,IA,4865837,5382677,-0.09601913694617009,Nov 2020,Iowa,Iowa,-3190369.0
542,2020,11,NV,2607831,2976443,-0.1238431241586014,Nov 2020,Nevada,Nevada,-3104614.0
512,2020,11,AR,3613037,4610317,-0.21631484342616789,Nov 2020,Arkansas,Arkansas,-3011524.0
534,2020,11,MS,3990907,4615965,-0.13541220524852332,Nov 2020,Mississippi,Mississippi,-2961279.0
525,2020,11,KS,4646552,4364602,0.06459924639176721,Nov 2020,Kansas,Kansas,-2937880.0
541,2020,11,NM,2282612,2830531,-0.19357463316953605,Nov 2020,New Mexico,New Mexico,-2117522.0
538,2020,11,NE,2778130,3094298,-0.10217761831601223,Nov 2020,Nebraska,Nebraska,-1961504.0
522,2020,11,ID,1522570,1465666,0.038824670832235994,Nov 2020,Idaho,Idaho,-1839106.0
559,2020,11,WV,3981893,4963435,-0.19775457923796724,Nov 2020,West Virginia,West Virginia,-1793716.0
520,2020,11,HI,780040,841943,-0.07352397965182916,Nov 2020,Hawaii,Hawaii,-1455271.0
539,2020,11,NH,1356234,1400307,-0.03147381252825273,Nov 2020,New Hampshire,New Hampshire,-1377529.0
530,2020,11,ME,713557,827351,-0.13754017339678082,Nov 2020,Maine,Maine,-1362359.0
548,2020,11,RI,833374,617189,0.3502735790819344,Nov 2020,Rhode Island,Rhode Island,-1097379.0
535,2020,11,MT,1885079,2367654,-0.20381989936029504,Nov 2020,Montana,Montana,-1084225.0
517,2020,11,DE,300458,315970,-0.04909326834826091,Nov 2020,Delaware,Delaware,-989948.0
550,2020,11,SD,1152870,1119565,0.029748161116147788,Nov 2020,South Dakota,South Dakota,-886667.0
537,2020,11,ND,3592853,3621897,-0.008019002196915042,Nov 2020,North Dakota,North Dakota,-779094.0
510,2020,11,AK,567258,493563,0.14931224585311298,Nov 2020,Alaska,Alaska,-733391.0
556,2020,11,VT,173874,167300,0.03929468021518231,Nov 2020,Vermont,Vermont,-643077.0
560,2020,11,WY,3962407,3399695,0.16551837738385355,Nov 2020,Wyoming,Wyoming,-576851.0
565,2020,12,CA,14384038,14725149,-0.02316519853211672,Dec 2020,California,California,-39538223.0
603,2020,12,TX,37746176,37978392,-0.0061144242231214,Dec 2020,Texas,Texas,-29145505.0
569,2020,12,FL,17905624,17901056,0.0002551804765037325,Dec 2020,Florida,Florida,-21538187.0
594,2020,12,NY,10707069,11529182,-0.07130714043719667,Dec 2020,New York,New York,-20201249.0
598,2020,12,PA,21655162,20105179,0.0770937179917672,Dec 2020,Pennsylvania,Pennsylvania,-13002700.0
574,2020,12,IL,15990656,15614996,0.02405764305030882,Dec 2020,Illinois,Illinois,-12812508.0
595,2020,12,OH,11963846,10657189,0.12260803482043905,Dec 2020,Ohio,Ohio,-11799448.0
570,2020,12,GA,11332597,10510404,0.07822658386870762,Dec 2020,Georgia,Georgia,-10711908.0
587,2020,12,NC,11436814,10548323,0.08423054546206066,Dec 2020,North Carolina,North Carolina,-10439388.0
582,2020,12,MI,10544864,10206433,0.033158597131828525,Dec 2020,Michigan,Michigan,-10077331.0
591,2020,12,NJ,4035507,6192768,-0.34835165793389966,Dec 2020,New Jersey,New Jersey,-9288994.0
606,2020,12,VA,8847200,8672090,0.020192364239762273,Dec 2020,Virginia,Virginia,-8631393.0
608,2020,12,WA,9998511,9217475,0.084734268332705,Dec 2020,Washington,Washington,-7705281.0
564,2020,12,AZ,8814202,8991118,-0.01967675210135158,Dec 2020,Arizona,Arizona,-7151502.0
579,2020,12,MA,1566153,1727387,-0.0933398248336939,Dec 2020,Massachusetts,Massachusetts,-7029917.0
602,2020,12,TN,7131267,6574327,0.08471437456640049,Dec 2020,Tennessee,Tennessee,-6910840.0
575,2020,12,IN,8490538,8056746,0.053842084633175726,Dec 2020,Indiana,Indiana,-6785528.0
580,2020,12,MD,2828163,2940639,-0.03824882959111948,Dec 2020,Maryland,Maryland,-6177224.0
584,2020,12,MO,6614291,6428395,0.02891794919260562,Dec 2020,Missouri,Missouri,-6154913.0
609,2020,12,WI,5076764,5428333,-0.06476555509766994,Dec 2020,Wisconsin,Wisconsin,-5893718.0
566,2020,12,CO,4834851,5003555,-0.03371682733576427,Dec 2020,Colorado,Colorado,-5773714.0
583,2020,12,MN,5363001,5200820,0.031183736410796758,Dec 2020,Minnesota,Minnesota,-5706494.0
600,2020,12,SC,8617195,8254064,0.0439942069748914,Dec 2020,South Carolina,South Carolina,-5118425.0
562,2020,12,AL,12174000,11476140,0.06080964505487037,Dec 2020,Alabama,Alabama,-5024279.0
578,2020,12,LA,8486556,7434367,0.14153040870863653,Dec 2020,Louisiana,Louisiana,-4657757.0
577,2020,12,KY,6166054,5759766,0.07053897675704186,Dec 2020,Kentucky,Kentucky,-4505836.0
597,2020,12,OR,5180307,5491253,-0.0566256918047666,Dec 2020,Oregon,Oregon,-4237256.0
596,2020,12,OK,6752309,6878586,-0.018357988109765584,Dec 2020,Oklahoma,Oklahoma,-3959353.0
567,2020,12,CT,3721181,3697530,0.006396432212855609,Dec 2020,Connecticut,Connecticut,-3605944.0
605,2020,12,UT,3473680,3700798,-0.06137000722546867,Dec 2020,Utah,Utah,-3271616.0
572,2020,12,IA,5283853,5292872,-0.0017039898187600228,Dec 2020,Iowa,Iowa,-3190369.0
593,2020,12,NV,3001777,3086612,-0.027484828025031976,Dec 2020,Nevada,Nevada,-3104614.0
563,2020,12,AR,4438047,5018841,-0.11572273359526632,Dec 2020,Arkansas,Arkansas,-3011524.0
585,2020,12,MS,5696622,4928362,0.1558854645823501,Dec 2020,Mississippi,Mississippi,-2961279.0
576,2020,12,KS,4881522,4468572,0.0924120725815764,Dec 2020,Kansas,Kansas,-2937880.0
592,2020,12,NM,2832444,2954195,-0.041212919255499386,Dec 2020,New Mexico,New Mexico,-2117522.0
589,2020,12,NE,3331275,3451579,-0.03485477226509954,Dec 2020,Nebraska,Nebraska,-1961504.0
573,2020,12,ID,1475720,1396284,0.056891004981794537,Dec 2020,Idaho,Idaho,-1839106.0
610,2020,12,WV,5293473,4716625,0.12230100972623432,Dec 2020,West Virginia,West Virginia,-1793716.0
571,2020,12,HI,781809,827875,-0.0556436660123811,Dec 2020,Hawaii,Hawaii,-1455271.0
590,2020,12,NH,1383626,1575961,-0.12204299471877794,Dec 2020,New Hampshire,New Hampshire,-1377529.0
581,2020,12,ME,979354,1007810,-0.02823548089421617,Dec 2020,Maine,Maine,-1362359.0
599,2020,12,RI,586729,441534,0.32884217296969204,Dec 2020,Rhode Island,Rhode Island,-1097379.0
586,2020,12,MT,2187129,2123637,0.029897765013512195,Dec 2020,Montana,Montana,-1084225.0
568,2020,12,DE,251332,212260,0.18407613304437953,Dec 2020,Delaware,Delaware,-989948.0
601,2020,12,SD,1266810,1205992,0.05042985359770214,Dec 2020,South Dakota,South Dakota,-886667.0
588,2020,12,ND,3757540,3964273,-0.05214903211761652,Dec 2020,North Dakota,North Dakota,-779094.0
561,2020,12,AK,612453,534620,0.14558564962029105,Dec 2020,Alaska,Alaska,-733391.0
607,2020,12,VT,203596,224307,-0.0923332753770502,Dec 2020,Vermont,Vermont,-643077.0
611,2020,12,WY,4233564,3900455,0.08540260046584308,Dec 2020,Wyoming,Wyoming,-576851.0
616,2021,1,CA,13498348,14124214,-0.04431156310715768,Jan 2021,California,California,-39538223.0
654,2021,1,TX,38564801,38718324,-0.003965125143330067,Jan 2021,Texas,Texas,-29145505.0
620,2021,1,FL,18104703,18388924,-0.015456097376877516,Jan 2021,Florida,Florida,-21538187.0
645,2021,1,NY,10860220,11615895,-0.06505525402906966,Jan 2021,New York,New York,-20201249.0
649,2021,1,PA,22388922,21069354,0.06262973226421654,Jan 2021,Pennsylvania,Pennsylvania,-13002700.0
625,2021,1,IL,16077180,17608524,-0.08696606257287663,Jan 2021,Illinois,Illinois,-12812508.0
646,2021,1,OH,10970805,11515081,-0.047266363128492105,Jan 2021,Ohio,Ohio,-11799448.0
621,2021,1,GA,10408692,10811646,-0.037270365677899556,Jan 2021,Georgia,Georgia,-10711908.0
638,2021,1,NC,11793834,11765585,0.00240098558635206,Jan 2021,North Carolina,North Carolina,-10439388.0
633,2021,1,MI,10486249,10553593,-0.0063811443173902955,Jan 2021,Michigan,Michigan,-10077331.0
642,2021,1,NJ,4593946,5926222,-0.2248103429132422,Jan 2021,New Jersey,New Jersey,-9288994.0
657,2021,1,VA,8081223,8903311,-0.0923350874747608,Jan 2021,Virginia,Virginia,-8631393.0
659,2021,1,WA,10851891,9441799,0.14934569143020307,Jan 2021,Washington,Washington,-7705281.0
615,2021,1,AZ,8689470,9034832,-0.03822561393504605,Jan 2021,Arizona,Arizona,-7151502.0
630,2021,1,MA,2025860,2292099,-0.11615510499328345,Jan 2021,Massachusetts,Massachusetts,-7029917.0
653,2021,1,TN,7261585,7191784,0.009705658568166119,Jan 2021,Tennessee,Tennessee,-6910840.0
626,2021,1,IN,8945035,10092672,-0.11370992736115867,Jan 2021,Indiana,Indiana,-6785528.0
631,2021,1,MD,3254993,3555003,-0.08439092737755777,Jan 2021,Maryland,Maryland,-6177224.0
635,2021,1,MO,6849312,8012122,-0.1451313397374628,Jan 2021,Missouri,Missouri,-6154913.0
660,2021,1,WI,5889749,5913641,-0.004040150560373888,Jan 2021,Wisconsin,Wisconsin,-5893718.0
617,2021,1,CO,4848930,5052923,-0.040371286085301515,Jan 2021,Colorado,Colorado,-5773714.0
634,2021,1,MN,4887657,5367348,-0.08937206978194819,Jan 2021,Minnesota,Minnesota,-5706494.0
651,2021,1,SC,8991631,9047901,-0.006219121981993393,Jan 2021,South Carolina,South Carolina,-5118425.0
613,2021,1,AL,12435306,12465965,-0.002459416499244142,Jan 2021,Alabama,Alabama,-5024279.0
629,2021,1,LA,7870720,7816799,0.006898092173023766,Jan 2021,Louisiana,Louisiana,-4657757.0
628,2021,1,KY,6389235,7139115,-0.10503822952844996,Jan 2021,Kentucky,Kentucky,-4505836.0
648,2021,1,OR,5882514,5587043,0.052885041335819324,Jan 2021,Oregon,Oregon,-4237256.0
647,2021,1,OK,6993993,7201241,-0.028779483980608343,Jan 2021,Oklahoma,Oklahoma,-3959353.0
618,2021,1,CT,3652917,3440014,0.061890155098205994,Jan 2021,Connecticut,Connecticut,-3605944.0
656,2021,1,UT,3168109,3732186,-0.15113850167167445,Jan 2021,Utah,Utah,-3271616.0
623,2021,1,IA,5518493,5746758,-0.03972065641184125,Jan 2021,Iowa,Iowa,-3190369.0
644,2021,1,NV,3038470,3092459,-0.01745827511375252,Jan 2021,Nevada,Nevada,-3104614.0
614,2021,1,AR,5215542,6039707,-0.13645777849819535,Jan 2021,Arkansas,Arkansas,-3011524.0
636,2021,1,MS,6836222,5132777,0.33187590265464484,Jan 2021,Mississippi,Mississippi,-2961279.0
627,2021,1,KS,4708770,4377633,0.07564293306451227,Jan 2021,Kansas,Kansas,-2937880.0
643,2021,1,NM,3138140,2917357,0.07567911640570557,Jan 2021,New Mexico,New Mexico,-2117522.0
640,2021,1,NE,3145823,3330481,-0.055444844153141846,Jan 2021,Nebraska,Nebraska,-1961504.0
624,2021,1,ID,1596907,1545605,0.033192180408319075,Jan 2021,Idaho,Idaho,-1839106.0
661,2021,1,WV,6400955,6797577,-0.05834755531272393,Jan 2021,West Virginia,West Virginia,-1793716.0
622,2021,1,HI,757329,771148,-0.017920036102019327,Jan 2021,Hawaii,Hawaii,-1455271.0
641,2021,1,NH,1503467,1579463,-0.04811508721635138,Jan 2021,New Hampshire,New Hampshire,-1377529.0
632,2021,1,ME,953853,1115229,-0.14470211947501366,Jan 2021,Maine,Maine,-1362359.0
650,2021,1,RI,579372,429730,0.34822330300421195,Jan 2021,Rhode Island,Rhode Island,-1097379.0
637,2021,1,MT,2563159,2571145,-0.003106009190457948,Jan 2021,Montana,Montana,-1084225.0
619,2021,1,DE,113436,291837,-0.6113035701436076,Jan 2021,Delaware,Delaware,-989948.0
652,2021,1,SD,1500571,1404766,0.06819997067127194,Jan 2021,South Dakota,South Dakota,-886667.0
639,2021,1,ND,3862789,3944454,-0.020703752661331582,Jan 2021,North Dakota,North Dakota,-779094.0
612,2021,1,AK,516998,584720,-0.11581953755643727,Jan 2021,Alaska,Alaska,-733391.0
658,2021,1,VT,170915,240258,-0.2886189013477179,Jan 2021,Vermont,Vermont,-643077.0
662,2021,1,WY,3847232,4143632,-0.07153144873869108,Jan 2021,Wyoming,Wyoming,-576851.0
667,2021,2,CA,12299232,14225027,-0.13538076237043345,Feb 2021,California,California,-39538223.0
705,2021,2,TX,35077387,33959651,0.03291364802306125,Feb 2021,Texas,Texas,-29145505.0
671,2021,2,FL,17402088,16408917,0.060526297987856234,Feb 2021,Florida,Florida,-21538187.0
696,2021,2,NY,9633384,10226836,-0.058028895740579005,Feb 2021,New York,New York,-20201249.0
700,2021,2,PA,21055401,18245440,0.1540089468930319,Feb 2021,Pennsylvania,Pennsylvania,-13002700.0
676,2021,2,IL,14941059,14813102,0.00863809619349141,Feb 2021,Illinois,Illinois,-12812508.0
697,2021,2,OH,10262253,10193198,0.006774615778090448,Feb 2021,Ohio,Ohio,-11799448.0
672,2021,2,GA,10224997,8375317,0.22084895413510916,Feb 2021,Georgia,Georgia,-10711908.0
689,2021,2,NC,10857384,9177524,0.1830406545381957,Feb 2021,North Carolina,North Carolina,-10439388.0
684,2021,2,MI,10146096,9700616,0.04592285685775006,Feb 2021,Michigan,Michigan,-10077331.0
693,2021,2,NJ,4541781,5563634,-0.18366646691712646,Feb 2021,New Jersey,New Jersey,-9288994.0
708,2021,2,VA,7921935,8233187,-0.03780455855065602,Feb 2021,Virginia,Virginia,-8631393.0
710,2021,2,WA,9398968,7970276,0.17925251271097764,Feb 2021,Washington,Washington,-7705281.0
666,2021,2,AZ,6918828,8420858,-0.1783701850809027,Feb 2021,Arizona,Arizona,-7151502.0
681,2021,2,MA,1819769,2046281,-0.11069447451254251,Feb 2021,Massachusetts,Massachusetts,-7029917.0
704,2021,2,TN,7261617,6014747,0.20730215252611622,Feb 2021,Tennessee,Tennessee,-6910840.0
677,2021,2,IN,9675656,8394551,0.15261149762506654,Feb 2021,Indiana,Indiana,-6785528.0
682,2021,2,MD,3377237,2833274,0.19199096169308016,Feb 2021,Maryland,Maryland,-6177224.0
686,2021,2,MO,6612447,6812738,-0.029399486667474956,Feb 2021,Missouri,Missouri,-6154913.0
711,2021,2,WI,5622276,5327540,0.05532309471163051,Feb 2021,Wisconsin,Wisconsin,-5893718.0
668,2021,2,CO,4568769,4594604,-0.005622900254298303,Feb 2021,Colorado,Colorado,-5773714.0
685,2021,2,MN,5273684,4755372,0.10899504812662396,Feb 2021,Minnesota,Minnesota,-5706494.0
702,2021,2,SC,8403360,7689413,0.09284804964956363,Feb 2021,South Carolina,South Carolina,-5118425.0
664,2021,2,AL,11248300,10836300,0.03802035750209942,Feb 2021,Alabama,Alabama,-5024279.0
680,2021,2,LA,7506651,6727430,0.11582744079091124,Feb 2021,Louisiana,Louisiana,-4657757.0
679,2021,2,KY,6421762,5573242,0.15224890647131417,Feb 2021,Kentucky,Kentucky,-4505836.0
699,2021,2,OR,5507190,5104267,0.07893846462185462,Feb 2021,Oregon,Oregon,-4237256.0
698,2021,2,OK,6166121,6334330,-0.02655513684951684,Feb 2021,Oklahoma,Oklahoma,-3959353.0
669,2021,2,CT,3505807,3061130,0.14526563719933488,Feb 2021,Connecticut,Connecticut,-3605944.0
707,2021,2,UT,3256626,3501957,-0.07005540045180451,Feb 2021,Utah,Utah,-3271616.0
674,2021,2,IA,5101527,5138992,-0.007290340206795419,Feb 2021,Iowa,Iowa,-3190369.0
695,2021,2,NV,2718189,2945577,-0.07719642025993549,Feb 2021,Nevada,Nevada,-3104614.0
665,2021,2,AR,4551904,5525769,-0.17624062822749195,Feb 2021,Arkansas,Arkansas,-3011524.0
687,2021,2,MS,5672964,4362962,0.30025519360471165,Feb 2021,Mississippi,Mississippi,-2961279.0
678,2021,2,KS,4365264,4436663,-0.01609295094083098,Feb 2021,Kansas,Kansas,-2937880.0
694,2021,2,NM,2389561,3018797,-0.20843932202132173,Feb 2021,New Mexico,New Mexico,-2117522.0
691,2021,2,NE,2999291,2988688,0.0035477105673124795,Feb 2021,Nebraska,Nebraska,-1961504.0
675,2021,2,ID,1462667,1534513,-0.04682006604049624,Feb 2021,Idaho,Idaho,-1839106.0
712,2021,2,WV,6656034,4832714,0.3772869654608156,Feb 2021,West Virginia,West Virginia,-1793716.0
673,2021,2,HI,656298,664434,-0.012245008533578955,Feb 2021,Hawaii,Hawaii,-1455271.0
692,2021,2,NH,1544481,1265975,0.21999328580738167,Feb 2021,New Hampshire,New Hampshire,-1377529.0
683,2021,2,ME,918539,1041232,-0.11783444995927901,Feb 2021,Maine,Maine,-1362359.0
701,2021,2,RI,505228,359839,0.4040390285655529,Feb 2021,Rhode Island,Rhode Island,-1097379.0
688,2021,2,MT,2067387,2389591,-0.1348364636458708,Feb 2021,Montana,Montana,-1084225.0
670,2021,2,DE,222100,312563,-0.2894232522723419,Feb 2021,Delaware,Delaware,-989948.0
703,2021,2,SD,1406157,1057615,0.32955470563484823,Feb 2021,South Dakota,South Dakota,-886667.0
690,2021,2,ND,3555990,3255862,0.09218081110317329,Feb 2021,North Dakota,North Dakota,-779094.0
663,2021,2,AK,483803,526677,-0.08140473193247474,Feb 2021,Alaska,Alaska,-733391.0
709,2021,2,VT,163750,225472,-0.27374574226511494,Feb 2021,Vermont,Vermont,-643077.0
713,2021,2,WY,3458268,3933853,-0.12089546813264247,Feb 2021,Wyoming,Wyoming,-576851.0
718,2021,3,CA,14280666,16547329,-0.13698059668723575,Mar 2021,California,California,-39538223.0
756,2021,3,TX,33947833,35387841,-0.04069216881583706,Mar 2021,Texas,Texas,-29145505.0
722,2021,3,FL,18389717,17791536,0.033621661446206784,Mar 2021,Florida,Florida,-21538187.0
747,2021,3,NY,9961194,9548942,0.0431725315747022,Mar 2021,New York,New York,-20201249.0
751,2021,3,PA,19302265,19103748,0.010391521077434648,Mar 2021,Pennsylvania,Pennsylvania,-13002700.0
727,2021,3,IL,13355133,15658075,-0.14707695550059635,Mar 2021,Illinois,Illinois,-12812508.0
748,2021,3,OH,10058672,10513217,-0.04323557670311571,Mar 2021,Ohio,Ohio,-11799448.0
723,2021,3,GA,8640542,8220918,0.05104344794583768,Mar 2021,Georgia,Georgia,-10711908.0
740,2021,3,NC,9662370,9761556,-0.010160880089198894,Mar 2021,North Carolina,North Carolina,-10439388.0
735,2021,3,MI,9497468,9577433,-0.008349314477062905,Mar 2021,Michigan,Michigan,-10077331.0
744,2021,3,NJ,4504115,5442446,-0.1724097951546051,Mar 2021,New Jersey,New Jersey,-9288994.0
759,2021,3,VA,7927755,7581236,0.04570745456281799,Mar 2021,Virginia,Virginia,-8631393.0
761,2021,3,WA,8795634,8222490,0.06970443259888429,Mar 2021,Washington,Washington,-7705281.0
717,2021,3,AZ,7981553,8711561,-0.0837976110136863,Mar 2021,Arizona,Arizona,-7151502.0
732,2021,3,MA,1343067,2101661,-0.36094974403578883,Mar 2021,Massachusetts,Massachusetts,-7029917.0
755,2021,3,TN,6884608,7392318,-0.06868075751070232,Mar 2021,Tennessee,Tennessee,-6910840.0
728,2021,3,IN,6922317,9147486,-0.24325470407935032,Mar 2021,Indiana,Indiana,-6785528.0
733,2021,3,MD,2800864,3479140,-0.19495507510476728,Mar 2021,Maryland,Maryland,-6177224.0
737,2021,3,MO,5377164,6574261,-0.1820884507019116,Mar 2021,Missouri,Missouri,-6154913.0
762,2021,3,WI,5399050,5157387,0.04685764322126689,Mar 2021,Wisconsin,Wisconsin,-5893718.0
719,2021,3,CO,4669488,4552975,0.025590520483859455,Mar 2021,Colorado,Colorado,-5773714.0
736,2021,3,MN,4442178,4768768,-0.0684851936600816,Mar 2021,Minnesota,Minnesota,-5706494.0
753,2021,3,SC,7791177,7893725,-0.012991078356542696,Mar 2021,South Carolina,South Carolina,-5118425.0
715,2021,3,AL,10461061,11109092,-0.05833339034369325,Mar 2021,Alabama,Alabama,-5024279.0
731,2021,3,LA,6718220,7200758,-0.06701211178045423,Mar 2021,Louisiana,Louisiana,-4657757.0
730,2021,3,KY,5129911,5936450,-0.13586217352121216,Mar 2021,Kentucky,Kentucky,-4505836.0
750,2021,3,OR,5382796,5645647,-0.0465581712778004,Mar 2021,Oregon,Oregon,-4237256.0
749,2021,3,OK,6352824,6307875,0.007125854586528744,Mar 2021,Oklahoma,Oklahoma,-3959353.0
720,2021,3,CT,3731762,3246279,0.1495506085582909,Mar 2021,Connecticut,Connecticut,-3605944.0
758,2021,3,UT,3140383,3184980,-0.014002285728638798,Mar 2021,Utah,Utah,-3271616.0
725,2021,3,IA,5389079,5589524,-0.03586083537703747,Mar 2021,Iowa,Iowa,-3190369.0
746,2021,3,NV,3046188,2959365,0.029338388471851225,Mar 2021,Nevada,Nevada,-3104614.0
716,2021,3,AR,4563073,5121214,-0.10898607244297934,Mar 2021,Arkansas,Arkansas,-3011524.0
738,2021,3,MS,4585279,4971584,-0.07770259941298387,Mar 2021,Mississippi,Mississippi,-2961279.0
729,2021,3,KS,4965927,4147479,0.19733626137709195,Mar 2021,Kansas,Kansas,-2937880.0
745,2021,3,NM,2667010,2186412,0.21981127070286843,Mar 2021,New Mexico,New Mexico,-2117522.0
742,2021,3,NE,2581518,3123398,-0.17349053818949747,Mar 2021,Nebraska,Nebraska,-1961504.0
726,2021,3,ID,1404005,1468030,-0.043612868946819885,Mar 2021,Idaho,Idaho,-1839106.0
763,2021,3,WV,4531105,4685030,-0.03285464554122385,Mar 2021,West Virginia,West Virginia,-1793716.0
724,2021,3,HI,736384,720796,0.021626091154778884,Mar 2021,Hawaii,Hawaii,-1455271.0
743,2021,3,NH,1367607,1496034,-0.08584497411155094,Mar 2021,New Hampshire,New Hampshire,-1377529.0
734,2021,3,ME,972782,1048142,-0.07189865495324106,Mar 2021,Maine,Maine,-1362359.0
752,2021,3,RI,601284,556951,0.07959946207116964,Mar 2021,Rhode Island,Rhode Island,-1097379.0
739,2021,3,MT,2153823,2580503,-0.165347608586388,Mar 2021,Montana,Montana,-1084225.0
721,2021,3,DE,221696,440166,-0.49633547343502227,Mar 2021,Delaware,Delaware,-989948.0
754,2021,3,SD,1494788,1534006,-0.02556574094234312,Mar 2021,South Dakota,South Dakota,-886667.0
741,2021,3,ND,3699339,3782011,-0.021859270107887047,Mar 2021,North Dakota,North Dakota,-779094.0
714,2021,3,AK,455814,539773,-0.15554501614567606,Mar 2021,Alaska,Alaska,-733391.0
760,2021,3,VT,228452,233565,-0.021891122385631408,Mar 2021,Vermont,Vermont,-643077.0
764,2021,3,WY,3616444,3602365,0.003908265819815593,Mar 2021,Wyoming,Wyoming,-576851.0
769,2021,4,CA,14763148,16204298,-0.08893628097928093,Apr 2021,California,California,-39538223.0
807,2021,4,TX,34954993,33427334,0.045700892568937744,Apr 2021,Texas,Texas,-29145505.0
773,2021,4,FL,18565102,18169391,0.021778990831338267,Apr 2021,Florida,Florida,-21538187.0
798,2021,4,NY,8902129,8966698,-0.007200978554201334,Apr 2021,New York,New York,-20201249.0
802,2021,4,PA,16300631,15378192,0.05998357934404773,Apr 2021,Pennsylvania,Pennsylvania,-13002700.0
778,2021,4,IL,13208234,14361425,-0.0802978116725882,Apr 2021,Illinois,Illinois,-12812508.0
799,2021,4,OH,8142754,8284379,-0.01709542743034813,Apr 2021,Ohio,Ohio,-11799448.0
774,2021,4,GA,9493630,10024010,-0.052910960783159634,Apr 2021,Georgia,Georgia,-10711908.0
791,2021,4,NC,9084959,8132911,0.11706116051190035,Apr 2021,North Carolina,North Carolina,-10439388.0
786,2021,4,MI,7997118,8580872,-0.06802968276417595,Apr 2021,Michigan,Michigan,-10077331.0
795,2021,4,NJ,4351801,5362036,-0.18840511328159676,Apr 2021,New Jersey,New Jersey,-9288994.0
810,2021,4,VA,6859328,6537274,0.04926426519677774,Apr 2021,Virginia,Virginia,-8631393.0
812,2021,4,WA,7619303,8351157,-0.08763504266534565,Apr 2021,Washington,Washington,-7705281.0
768,2021,4,AZ,8044383,7699422,0.04480349304142571,Apr 2021,Arizona,Arizona,-7151502.0
783,2021,4,MA,1063111,1786144,-0.40480106867083504,Apr 2021,Massachusetts,Massachusetts,-7029917.0
806,2021,4,TN,5822817,5708464,0.020032183788844075,Apr 2021,Tennessee,Tennessee,-6910840.0
779,2021,4,IN,6250884,8226051,-0.24011120281165288,Apr 2021,Indiana,Indiana,-6785528.0
784,2021,4,MD,3031713,2894093,0.047552030981727264,Apr 2021,Maryland,Maryland,-6177224.0
788,2021,4,MO,5005306,4863594,0.029137300523028854,Apr 2021,Missouri,Missouri,-6154913.0
813,2021,4,WI,4886972,4524202,0.08018430653626872,Apr 2021,Wisconsin,Wisconsin,-5893718.0
770,2021,4,CO,4279267,4163252,0.02786643710253427,Apr 2021,Colorado,Colorado,-5773714.0
787,2021,4,MN,4008574,4213406,-0.048614351429698444,Apr 2021,Minnesota,Minnesota,-5706494.0
804,2021,4,SC,7326346,7848030,-0.06647324232960374,Apr 2021,South Carolina,South Carolina,-5118425.0
766,2021,4,AL,9071256,9662184,-0.061158843590641616,Apr 2021,Alabama,Alabama,-5024279.0
782,2021,4,LA,6974344,7697916,-0.09399582952061311,Apr 2021,Louisiana,Louisiana,-4657757.0
781,2021,4,KY,5027048,4224040,0.1901042603763222,Apr 2021,Kentucky,Kentucky,-4505836.0
801,2021,4,OR,4688312,5109454,-0.08242407114341375,Apr 2021,Oregon,Oregon,-4237256.0
800,2021,4,OK,5932756,6309793,-0.0597542581824792,Apr 2021,Oklahoma,Oklahoma,-3959353.0
771,2021,4,CT,3213059,2578231,0.24622619152434363,Apr 2021,Connecticut,Connecticut,-3605944.0
809,2021,4,UT,2691245,2253976,0.1939989600599119,Apr 2021,Utah,Utah,-3271616.0
776,2021,4,IA,5185991,4597542,0.12799208794612427,Apr 2021,Iowa,Iowa,-3190369.0
797,2021,4,NV,3193941,2762482,0.15618527107144953,Apr 2021,Nevada,Nevada,-3104614.0
767,2021,4,AR,3794218,4141019,-0.08374774421464862,Apr 2021,Arkansas,Arkansas,-3011524.0
789,2021,4,MS,5250983,4965972,0.057392792387874925,Apr 2021,Mississippi,Mississippi,-2961279.0
780,2021,4,KS,3978729,3607847,0.10279870515573415,Apr 2021,Kansas,Kansas,-2937880.0
796,2021,4,NM,2352355,2544116,-0.07537431469319796,Apr 2021,New Mexico,New Mexico,-2117522.0
793,2021,4,NE,2649067,2729668,-0.02952776674672524,Apr 2021,Nebraska,Nebraska,-1961504.0
777,2021,4,ID,1138546,1436630,-0.20748835817155425,Apr 2021,Idaho,Idaho,-1839106.0
814,2021,4,WV,4122244,4158222,-0.008652255699671638,Apr 2021,West Virginia,West Virginia,-1793716.0
775,2021,4,HI,707630,748365,-0.054431995082613434,Apr 2021,Hawaii,Hawaii,-1455271.0
794,2021,4,NH,1336528,1449607,-0.0780066597360526,Apr 2021,New Hampshire,New Hampshire,-1377529.0
785,2021,4,ME,789271,903954,-0.12686818134551095,Apr 2021,Maine,Maine,-1362359.0
803,2021,4,RI,328221,582763,-0.4367847649902276,Apr 2021,Rhode Island,Rhode Island,-1097379.0
790,2021,4,MT,1452098,2007748,-0.27675285942259686,Apr 2021,Montana,Montana,-1084225.0
772,2021,4,DE,200307,340250,-0.41129463629684054,Apr 2021,Delaware,Delaware,-989948.0
805,2021,4,SD,1461309,1426717,0.024245873568479244,Apr 2021,South Dakota,South Dakota,-886667.0
792,2021,4,ND,3216445,2967214,0.08399495284128479,Apr 2021,North Dakota,North Dakota,-779094.0
765,2021,4,AK,418016,512672,-0.18463266962112226,Apr 2021,Alaska,Alaska,-733391.0
811,2021,4,VT,176919,240266,-0.26365361724089137,Apr 2021,Vermont,Vermont,-643077.0
815,2021,4,WY,3142781,2922523,0.07536570285332228,Apr 2021,Wyoming,Wyoming,-576851.0
820,2021,5,CA,16298279,16253899,0.00273042178987331,May 2021,California,California,-39538223.0
858,2021,5,TX,39431344,40327466,-0.0222211333585899,May 2021,Texas,Texas,-29145505.0
824,2021,5,FL,21709869,22148311,-0.019795730699284475,May 2021,Florida,Florida,-21538187.0
849,2021,5,NY,9530908,9925374,-0.039743187511120485,May 2021,New York,New York,-20201249.0
853,2021,5,PA,18149524,17183692,0.0562063146848768,May 2021,Pennsylvania,Pennsylvania,-13002700.0
829,2021,5,IL,14945436,14643882,0.020592490433889048,May 2021,Illinois,Illinois,-12812508.0
850,2021,5,OH,8503529,9739014,-0.12685935147028232,May 2021,Ohio,Ohio,-11799448.0
825,2021,5,GA,10399678,11741926,-0.1143124219995936,May 2021,Georgia,Georgia,-10711908.0
842,2021,5,NC,9879775,11127288,-0.11211294252471941,May 2021,North Carolina,North Carolina,-10439388.0
837,2021,5,MI,7672437,9135214,-0.1601250939496327,May 2021,Michigan,Michigan,-10077331.0
846,2021,5,NJ,4320259,4874139,-0.11363648020706836,May 2021,New Jersey,New Jersey,-9288994.0
861,2021,5,VA,6161642,6867580,-0.10279283240966978,May 2021,Virginia,Virginia,-8631393.0
863,2021,5,WA,8362865,9779454,-0.14485358794059464,May 2021,Washington,Washington,-7705281.0
819,2021,5,AZ,8851544,8421990,0.05100386013281896,May 2021,Arizona,Arizona,-7151502.0
834,2021,5,MA,1159487,1479418,-0.21625463526873406,May 2021,Massachusetts,Massachusetts,-7029917.0
857,2021,5,TN,6422070,7191573,-0.10700065201312703,May 2021,Tennessee,Tennessee,-6910840.0
830,2021,5,IN,6945746,7741444,-0.10278418341591052,May 2021,Indiana,Indiana,-6785528.0
835,2021,5,MD,2973185,3377867,-0.11980400649285482,May 2021,Maryland,Maryland,-6177224.0
839,2021,5,MO,5359219,5913765,-0.09377207244454253,May 2021,Missouri,Missouri,-6154913.0
864,2021,5,WI,5117530,4826089,0.06038865010570671,May 2021,Wisconsin,Wisconsin,-5893718.0
821,2021,5,CO,4214550,4142228,0.01745968594678999,May 2021,Colorado,Colorado,-5773714.0
838,2021,5,MN,3806920,4696250,-0.18937024221453289,May 2021,Minnesota,Minnesota,-5706494.0
855,2021,5,SC,8489565,8944013,-0.050810301818657914,May 2021,South Carolina,South Carolina,-5118425.0
817,2021,5,AL,11211498,12255001,-0.08514915665857554,May 2021,Alabama,Alabama,-5024279.0
833,2021,5,LA,7783278,8561607,-0.09090921832782094,May 2021,Louisiana,Louisiana,-4657757.0
832,2021,5,KY,5672553,5677291,-0.0008345529584444412,May 2021,Kentucky,Kentucky,-4505836.0
852,2021,5,OR,4281080,4597194,-0.06876237983430762,May 2021,Oregon,Oregon,-4237256.0
851,2021,5,OK,6010432,6217418,-0.03329131160234039,May 2021,Oklahoma,Oklahoma,-3959353.0
822,2021,5,CT,3479599,2796280,0.2443671592258286,May 2021,Connecticut,Connecticut,-3605944.0
860,2021,5,UT,3246779,2758187,0.17714244900726456,May 2021,Utah,Utah,-3271616.0
827,2021,5,IA,5037744,4477115,0.12522104078184276,May 2021,Iowa,Iowa,-3190369.0
848,2021,5,NV,3290061,2857065,0.1515527298118874,May 2021,Nevada,Nevada,-3104614.0
818,2021,5,AR,4001198,5203857,-0.23110915615090882,May 2021,Arkansas,Arkansas,-3011524.0
840,2021,5,MS,5448737,5299131,0.02823217618133992,May 2021,Mississippi,Mississippi,-2961279.0
831,2021,5,KS,4359123,3928256,0.10968404299516121,May 2021,Kansas,Kansas,-2937880.0
847,2021,5,NM,2688714,2498381,0.07618253581019067,May 2021,New Mexico,New Mexico,-2117522.0
844,2021,5,NE,2866516,2442661,0.1735218272203961,May 2021,Nebraska,Nebraska,-1961504.0
828,2021,5,ID,1449414,1428322,0.014766978314413697,May 2021,Idaho,Idaho,-1839106.0
865,2021,5,WV,5318066,5542052,-0.04041571605607454,May 2021,West Virginia,West Virginia,-1793716.0
826,2021,5,HI,767934,821538,-0.06524835126311869,May 2021,Hawaii,Hawaii,-1455271.0
845,2021,5,NH,1474290,1266969,0.1636354164940105,May 2021,New Hampshire,New Hampshire,-1377529.0
836,2021,5,ME,836261,904606,-0.07555222936836589,May 2021,Maine,Maine,-1362359.0
854,2021,5,RI,509810,613312,-0.168759130752374,May 2021,Rhode Island,Rhode Island,-1097379.0
841,2021,5,MT,1725649,1752406,-0.015268721974245694,May 2021,Montana,Montana,-1084225.0
823,2021,5,DE,260899,391285,-0.3332251427987273,May 2021,Delaware,Delaware,-989948.0
856,2021,5,SD,1473413,1445888,0.019036744201487252,May 2021,South Dakota,South Dakota,-886667.0
843,2021,5,ND,3092286,2887437,0.07094492451263872,May 2021,North Dakota,North Dakota,-779094.0
816,2021,5,AK,411868,515196,-0.20056056335841116,May 2021,Alaska,Alaska,-733391.0
862,2021,5,VT,178643,239471,-0.2540098801107441,May 2021,Vermont,Vermont,-643077.0
866,2021,5,WY,3230608,2470875,0.3074752870946527,May 2021,Wyoming,Wyoming,-576851.0
871,2021,6,CA,18455706,17939475,0.028776260174837892,Jun 2021,California,California,-39538223.0
909,2021,6,TX,46138204,43505437,0.06051581552898779,Jun 2021,Texas,Texas,-29145505.0
875,2021,6,FL,22634363,22923871,-0.012629106140058109,Jun 2021,Florida,Florida,-21538187.0
900,2021,6,NY,11208453,10778240,0.03991495828632504,Jun 2021,New York,New York,-20201249.0
904,2021,6,PA,21461637,18879585,0.1367642350189371,Jun 2021,Pennsylvania,Pennsylvania,-13002700.0
880,2021,6,IL,15854971,15003385,0.05675959125224075,Jun 2021,Illinois,Illinois,-12812508.0
901,2021,6,OH,10074032,10398879,-0.031238655628169153,Jun 2021,Ohio,Ohio,-11799448.0
876,2021,6,GA,12157319,11752996,0.034401696384479326,Jun 2021,Georgia,Georgia,-10711908.0
893,2021,6,NC,11744303,11553571,0.016508489020407628,Jun 2021,North Carolina,North Carolina,-10439388.0
888,2021,6,MI,10022070,9778766,0.02488084897419572,Jun 2021,Michigan,Michigan,-10077331.0
897,2021,6,NJ,5577251,5776390,-0.03447464592937804,Jun 2021,New Jersey,New Jersey,-9288994.0
912,2021,6,VA,8654345,9020859,-0.04062961188064241,Jun 2021,Virginia,Virginia,-8631393.0
914,2021,6,WA,9841108,9263435,0.06236056063436511,Jun 2021,Washington,Washington,-7705281.0
870,2021,6,AZ,10663539,10212233,0.04419268538036686,Jun 2021,Arizona,Arizona,-7151502.0
885,2021,6,MA,2027145,1382645,0.4661355590191264,Jun 2021,Massachusetts,Massachusetts,-7029917.0
908,2021,6,TN,7697014,6803876,0.13126900019929816,Jun 2021,Tennessee,Tennessee,-6910840.0
881,2021,6,IN,8701266,7314295,0.18962470067176673,Jun 2021,Indiana,Indiana,-6785528.0
886,2021,6,MD,3297206,3177388,0.037709590393115354,Jun 2021,Maryland,Maryland,-6177224.0
890,2021,6,MO,6773776,6342112,0.06806313102007659,Jun 2021,Missouri,Missouri,-6154913.0
915,2021,6,WI,6169424,4833697,0.27633651840402906,Jun 2021,Wisconsin,Wisconsin,-5893718.0
872,2021,6,CO,5034219,4234214,0.1889382539474859,Jun 2021,Colorado,Colorado,-5773714.0
889,2021,6,MN,5232926,5075829,0.030950018213773554,Jun 2021,Minnesota,Minnesota,-5706494.0
906,2021,6,SC,9008912,8763932,0.027953206391834167,Jun 2021,South Carolina,South Carolina,-5118425.0
868,2021,6,AL,12168086,12625519,-0.03623082742182717,Jun 2021,Alabama,Alabama,-5024279.0
884,2021,6,LA,8775987,9408418,-0.06721969623373451,Jun 2021,Louisiana,Louisiana,-4657757.0
883,2021,6,KY,6627032,6330683,0.046811536764674526,Jun 2021,Kentucky,Kentucky,-4505836.0
903,2021,6,OR,4953516,5087871,-0.02640691951505846,Jun 2021,Oregon,Oregon,-4237256.0
902,2021,6,OK,6999511,7339869,-0.04637112733210906,Jun 2021,Oklahoma,Oklahoma,-3959353.0
873,2021,6,CT,3723078,3407029,0.09276381269428584,Jun 2021,Connecticut,Connecticut,-3605944.0
911,2021,6,UT,4111004,2924098,0.4059050004480014,Jun 2021,Utah,Utah,-3271616.0
878,2021,6,IA,5731994,4940767,0.1601425446696839,Jun 2021,Iowa,Iowa,-3190369.0
899,2021,6,NV,4290684,3598094,0.19248802282541813,Jun 2021,Nevada,Nevada,-3104614.0
869,2021,6,AR,5762166,5442809,0.05867503342483633,Jun 2021,Arkansas,Arkansas,-3011524.0
891,2021,6,MS,6242157,5514852,0.13188114567716414,Jun 2021,Mississippi,Mississippi,-2961279.0
882,2021,6,KS,4937564,4111846,0.20081442738857438,Jun 2021,Kansas,Kansas,-2937880.0
898,2021,6,NM,3347910,2956086,0.13254824115401243,Jun 2021,New Mexico,New Mexico,-2117522.0
895,2021,6,NE,3543641,3146454,0.12623321364304071,Jun 2021,Nebraska,Nebraska,-1961504.0
879,2021,6,ID,1603665,1530254,0.04797308159299044,Jun 2021,Idaho,Idaho,-1839106.0
916,2021,6,WV,6865669,5517811,0.2442740427318007,Jun 2021,West Virginia,West Virginia,-1793716.0
877,2021,6,HI,777446,823320,-0.05571831122771219,Jun 2021,Hawaii,Hawaii,-1455271.0
896,2021,6,NH,1644093,1526793,0.07682770355902863,Jun 2021,New Hampshire,New Hampshire,-1377529.0
887,2021,6,ME,886963,787795,0.1258804638262492,Jun 2021,Maine,Maine,-1362359.0
905,2021,6,RI,743697,611615,0.21595611618420085,Jun 2021,Rhode Island,Rhode Island,-1097379.0
892,2021,6,MT,1910217,2048648,-0.06757188155310234,Jun 2021,Montana,Montana,-1084225.0
874,2021,6,DE,469019,445745,0.052213709632188805,Jun 2021,Delaware,Delaware,-989948.0
907,2021,6,SD,1574675,1333749,0.1806381860455003,Jun 2021,South Dakota,South Dakota,-886667.0
894,2021,6,ND,3165979,3035677,0.04292353896676095,Jun 2021,North Dakota,North Dakota,-779094.0
867,2021,6,AK,531229,474408,0.1197724321680916,Jun 2021,Alaska,Alaska,-733391.0
913,2021,6,VT,179194,176945,0.012710164175308711,Jun 2021,Vermont,Vermont,-643077.0
917,2021,6,WY,3654337,3050239,0.19804939875203223,Jun 2021,Wyoming,Wyoming,-576851.0
922,2021,7,CA,21896497,20917461,0.046804724531337716,Jul 2021,California,California,-39538223.0
960,2021,7,TX,48052011,48793156,-0.015189527810006797,Jul 2021,Texas,Texas,-29145505.0
926,2021,7,FL,24506251,24370144,0.00558498956756267,Jul 2021,Florida,Florida,-21538187.0
951,2021,7,NY,11926906,13925322,-0.14350950017529218,Jul 2021,New York,New York,-20201249.0
955,2021,7,PA,23289777,22728918,0.024676009654309106,Jul 2021,Pennsylvania,Pennsylvania,-13002700.0
931,2021,7,IL,16759198,17389556,-0.03624922913500494,Jul 2021,Illinois,Illinois,-12812508.0
952,2021,7,OH,11847054,10886225,0.08826099038004451,Jul 2021,Ohio,Ohio,-11799448.0
927,2021,7,GA,12587908,12769830,-0.014246235071257801,Jul 2021,Georgia,Georgia,-10711908.0
944,2021,7,NC,13183038,13643750,-0.03376725606962895,Jul 2021,North Carolina,North Carolina,-10439388.0
939,2021,7,MI,10400344,11298358,-0.07948181496815732,Jul 2021,Michigan,Michigan,-10077331.0
948,2021,7,NJ,6297014,7532864,-0.16406110610784955,Jul 2021,New Jersey,New Jersey,-9288994.0
963,2021,7,VA,9714476,10342197,-0.060695130831485804,Jul 2021,Virginia,Virginia,-8631393.0
965,2021,7,WA,9753940,9932118,-0.017939577439575326,Jul 2021,Washington,Washington,-7705281.0
921,2021,7,AZ,11713254,12149699,-0.03592228910362306,Jul 2021,Arizona,Arizona,-7151502.0
936,2021,7,MA,2010226,2740490,-0.26647205426766746,Jul 2021,Massachusetts,Massachusetts,-7029917.0
959,2021,7,TN,8209591,8467270,-0.03043235895394856,Jul 2021,Tennessee,Tennessee,-6910840.0
932,2021,7,IN,9529990,10138100,-0.059982639745119894,Jul 2021,Indiana,Indiana,-6785528.0
937,2021,7,MD,3894731,4088854,-0.047476138790966856,Jul 2021,Maryland,Maryland,-6177224.0
941,2021,7,MO,7244060,7664515,-0.05485735235693322,Jul 2021,Missouri,Missouri,-6154913.0
966,2021,7,WI,6834559,5844091,0.16948196049650835,Jul 2021,Wisconsin,Wisconsin,-5893718.0
923,2021,7,CO,5595900,5302058,0.05542036695939577,Jul 2021,Colorado,Colorado,-5773714.0
940,2021,7,MN,5919745,5566954,0.06337235766632884,Jul 2021,Minnesota,Minnesota,-5706494.0
957,2021,7,SC,9711243,9537844,0.018180104434503228,Jul 2021,South Carolina,South Carolina,-5118425.0
919,2021,7,AL,13639500,13501484,0.010222283713405134,Jul 2021,Alabama,Alabama,-5024279.0
935,2021,7,LA,10015588,10235383,-0.021474037659362625,Jul 2021,Louisiana,Louisiana,-4657757.0
934,2021,7,KY,7154953,7132620,0.003131107503273692,Jul 2021,Kentucky,Kentucky,-4505836.0
954,2021,7,OR,5145552,5476132,-0.060367427227831616,Jul 2021,Oregon,Oregon,-4237256.0
953,2021,7,OK,7643202,8905429,-0.14173679897958874,Jul 2021,Oklahoma,Oklahoma,-3959353.0
924,2021,7,CT,4050557,4115602,-0.015804492271118537,Jul 2021,Connecticut,Connecticut,-3605944.0
962,2021,7,UT,4550963,3688353,0.23387403537568124,Jul 2021,Utah,Utah,-3271616.0
929,2021,7,IA,5721065,5857532,-0.0232976960262445,Jul 2021,Iowa,Iowa,-3190369.0
950,2021,7,NV,4679465,4240310,0.1035667203577097,Jul 2021,Nevada,Nevada,-3104614.0
920,2021,7,AR,6471591,6056266,0.06857773420123885,Jul 2021,Arkansas,Arkansas,-3011524.0
942,2021,7,MS,6835424,7058567,-0.031613073871792956,Jul 2021,Mississippi,Mississippi,-2961279.0
933,2021,7,KS,5374995,4834190,0.11187086150937385,Jul 2021,Kansas,Kansas,-2937880.0
949,2021,7,NM,3052255,3410063,-0.1049270937223154,Jul 2021,New Mexico,New Mexico,-2117522.0
946,2021,7,NE,3887400,3501830,0.1101052878066611,Jul 2021,Nebraska,Nebraska,-1961504.0
930,2021,7,ID,1454764,1877937,-0.22533929519467372,Jul 2021,Idaho,Idaho,-1839106.0
967,2021,7,WV,7041792,7053471,-0.0016557805369866836,Jul 2021,West Virginia,West Virginia,-1793716.0
928,2021,7,HI,810071,858697,-0.056627657951524225,Jul 2021,Hawaii,Hawaii,-1455271.0
947,2021,7,NH,1719993,1777152,-0.03216325896715644,Jul 2021,New Hampshire,New Hampshire,-1377529.0
938,2021,7,ME,834441,845428,-0.012995784383767748,Jul 2021,Maine,Maine,-1362359.0
956,2021,7,RI,876092,956249,-0.08382440138499492,Jul 2021,Rhode Island,Rhode Island,-1097379.0
943,2021,7,MT,2083080,2604493,-0.2001975048502722,Jul 2021,Montana,Montana,-1084225.0
925,2021,7,DE,568263,948958,-0.4011716008506172,Jul 2021,Delaware,Delaware,-989948.0
958,2021,7,SD,1542200,1112818,0.3858510556083744,Jul 2021,South Dakota,South Dakota,-886667.0
945,2021,7,ND,3735957,3455609,0.08112839155124321,Jul 2021,North Dakota,North Dakota,-779094.0
918,2021,7,AK,559863,503966,0.11091422834080077,Jul 2021,Alaska,Alaska,-733391.0
964,2021,7,VT,177832,157522,0.12893437107197725,Jul 2021,Vermont,Vermont,-643077.0
968,2021,7,WY,4136042,3762726,0.09921423988884655,Jul 2021,Wyoming,Wyoming,-576851.0
973,2021,8,CA,20621990,21776209,-0.05300367019805881,Aug 2021,California,California,-39538223.0
1011,2021,8,TX,50496031,51055346,-0.010955072168152577,Aug 2021,Texas,Texas,-29145505.0
977,2021,8,FL,25362192,24361052,0.041095926399237606,Aug 2021,Florida,Florida,-21538187.0
1002,2021,8,NY,12932433,12890254,0.0032721620535949097,Aug 2021,New York,New York,-20201249.0
1006,2021,8,PA,23303220,21603483,0.07867884081469641,Aug 2021,Pennsylvania,Pennsylvania,-13002700.0
982,2021,8,IL,17415138,15825331,0.1004596365156596,Aug 2021,Illinois,Illinois,-12812508.0
1003,2021,8,OH,12029956,10648213,0.1297629001223022,Aug 2021,Ohio,Ohio,-11799448.0
978,2021,8,GA,13215851,12567366,0.05160070932922619,Aug 2021,Georgia,Georgia,-10711908.0
995,2021,8,NC,13514298,13294040,0.01656817641589765,Aug 2021,North Carolina,North Carolina,-10439388.0
990,2021,8,MI,10988972,10838601,0.013873653989108004,Aug 2021,Michigan,Michigan,-10077331.0
999,2021,8,NJ,6632654,7003753,-0.05298573493382762,Aug 2021,New Jersey,New Jersey,-9288994.0
1014,2021,8,VA,9673312,9969493,-0.029708732430024275,Aug 2021,Virginia,Virginia,-8631393.0
1016,2021,8,WA,9334805,9966218,-0.06335532696555504,Aug 2021,Washington,Washington,-7705281.0
972,2021,8,AZ,11497748,12357363,-0.0695629803866731,Aug 2021,Arizona,Arizona,-7151502.0
987,2021,8,MA,2236164,2030526,0.10127326613892164,Aug 2021,Massachusetts,Massachusetts,-7029917.0
1010,2021,8,TN,8347770,8019627,0.04091748905528898,Aug 2021,Tennessee,Tennessee,-6910840.0
983,2021,8,IN,10134309,8581572,0.18093852734673788,Aug 2021,Indiana,Indiana,-6785528.0
988,2021,8,MD,3888537,3769568,0.031560380393721506,Aug 2021,Maryland,Maryland,-6177224.0
992,2021,8,MO,8271717,7404501,0.11712011383346427,Aug 2021,Missouri,Missouri,-6154913.0
1017,2021,8,WI,6868820,5818294,0.18055567491089314,Aug 2021,Wisconsin,Wisconsin,-5893718.0
974,2021,8,CO,5499501,5370397,0.024039935967489927,Aug 2021,Colorado,Colorado,-5773714.0
991,2021,8,MN,6213454,5191163,0.1969290889151429,Aug 2021,Minnesota,Minnesota,-5706494.0
1008,2021,8,SC,9278344,9035648,0.02685983340652491,Aug 2021,South Carolina,South Carolina,-5118425.0
970,2021,8,AL,13934294,13668436,0.019450506261286953,Aug 2021,Alabama,Alabama,-5024279.0
986,2021,8,LA,10155851,10052178,0.010313486291229622,Aug 2021,Louisiana,Louisiana,-4657757.0
985,2021,8,KY,7332974,7050433,0.040074276289130045,Aug 2021,Kentucky,Kentucky,-4505836.0
1005,2021,8,OR,5096463,5472985,-0.06879646116333225,Aug 2021,Oregon,Oregon,-4237256.0
1004,2021,8,OK,8761251,8916196,-0.017377926640464163,Aug 2021,Oklahoma,Oklahoma,-3959353.0
975,2021,8,CT,4253041,3852110,0.10408088034869202,Aug 2021,Connecticut,Connecticut,-3605944.0
1013,2021,8,UT,4397604,3790270,0.16023502283478486,Aug 2021,Utah,Utah,-3271616.0
980,2021,8,IA,5899681,5019040,0.17546004813669547,Aug 2021,Iowa,Iowa,-3190369.0
1001,2021,8,NV,4499802,4456360,0.009748314768106706,Aug 2021,Nevada,Nevada,-3104614.0
971,2021,8,AR,6639721,6500754,0.021377058722726626,Aug 2021,Arkansas,Arkansas,-3011524.0
993,2021,8,MS,6887763,7230780,-0.04743845062358418,Aug 2021,Mississippi,Mississippi,-2961279.0
984,2021,8,KS,5323327,4406197,0.20814548237402913,Aug 2021,Kansas,Kansas,-2937880.0
1000,2021,8,NM,3464814,3618888,-0.0425749567270388,Aug 2021,New Mexico,New Mexico,-2117522.0
997,2021,8,NE,3815905,3333431,0.14473795917779608,Aug 2021,Nebraska,Nebraska,-1961504.0
981,2021,8,ID,1431643,1816596,-0.2119089770097479,Aug 2021,Idaho,Idaho,-1839106.0
1018,2021,8,WV,7202146,6102421,0.18021126369354065,Aug 2021,West Virginia,West Virginia,-1793716.0
979,2021,8,HI,826844,906355,-0.08772611173326125,Aug 2021,Hawaii,Hawaii,-1455271.0
998,2021,8,NH,1770249,1673435,0.05785345711067356,Aug 2021,New Hampshire,New Hampshire,-1377529.0
989,2021,8,ME,925232,616155,0.501622156762503,Aug 2021,Maine,Maine,-1362359.0
1007,2021,8,RI,923228,989295,-0.06678190024209159,Aug 2021,Rhode Island,Rhode Island,-1097379.0
994,2021,8,MT,1976869,2777312,-0.28820780668502494,Aug 2021,Montana,Montana,-1084225.0
976,2021,8,DE,656793,751310,-0.12580293088072833,Aug 2021,Delaware,Delaware,-989948.0
1009,2021,8,SD,1655642,904213,0.831030962837296,Aug 2021,South Dakota,South Dakota,-886667.0
996,2021,8,ND,3767778,3627761,0.038595982480654045,Aug 2021,North Dakota,North Dakota,-779094.0
969,2021,8,AK,570560,488853,0.1671402241573643,Aug 2021,Alaska,Alaska,-733391.0
1015,2021,8,VT,178625,124442,0.43540765979331736,Aug 2021,Vermont,Vermont,-643077.0
1019,2021,8,WY,3823629,3857921,-0.008888725300492156,Aug 2021,Wyoming,Wyoming,-576851.0
1024,2021,9,CA,18068598,18268620,-0.010948938671886546,Sep 2021,California,California,-39538223.0
1062,2021,9,TX,44142122,45715086,-0.034407985145210054,Sep 2021,Texas,Texas,-29145505.0
1028,2021,9,FL,22507212,23299740,-0.03401445681368118,Sep 2021,Florida,Florida,-21538187.0
1053,2021,9,NY,10163025,11069478,-0.08188760120395921,Sep 2021,New York,New York,-20201249.0
1057,2021,9,PA,19957575,19150280,0.04215578048989362,Sep 2021,Pennsylvania,Pennsylvania,-13002700.0
1033,2021,9,IL,14609254,14433373,0.012185717087752115,Sep 2021,Illinois,Illinois,-12812508.0
1054,2021,9,OH,10372371,10075580,0.02945646801474456,Sep 2021,Ohio,Ohio,-11799448.0
1029,2021,9,GA,10194033,11791840,-0.13550107531988223,Sep 2021,Georgia,Georgia,-10711908.0
1046,2021,9,NC,10656387,11974573,-0.11008208810451947,Sep 2021,North Carolina,North Carolina,-10439388.0
1041,2021,9,MI,9300328,9561337,-0.027298378877347384,Sep 2021,Michigan,Michigan,-10077331.0
1050,2021,9,NJ,5455851,6113710,-0.10760389354418184,Sep 2021,New Jersey,New Jersey,-9288994.0
1065,2021,9,VA,7581149,7961358,-0.047756802294281954,Sep 2021,Virginia,Virginia,-8631393.0
1067,2021,9,WA,7428773,7915352,-0.061472818896746474,Sep 2021,Washington,Washington,-7705281.0
1023,2021,9,AZ,10114743,10863150,-0.06889410530094862,Sep 2021,Arizona,Arizona,-7151502.0
1038,2021,9,MA,1490237,1305281,0.14169822436701368,Sep 2021,Massachusetts,Massachusetts,-7029917.0
1061,2021,9,TN,6794561,7393588,-0.08101979715396639,Sep 2021,Tennessee,Tennessee,-6910840.0
1034,2021,9,IN,7616706,8062016,-0.055235563908580684,Sep 2021,Indiana,Indiana,-6785528.0
1039,2021,9,MD,3379474,3252427,0.03906221415576737,Sep 2021,Maryland,Maryland,-6177224.0
1043,2021,9,MO,7120865,6364424,0.11885458919770273,Sep 2021,Missouri,Missouri,-6154913.0
1068,2021,9,WI,5210950,5020206,0.037995253581227545,Sep 2021,Wisconsin,Wisconsin,-5893718.0
1025,2021,9,CO,4661088,4681862,-0.004437123520513847,Sep 2021,Colorado,Colorado,-5773714.0
1042,2021,9,MN,4694936,4861873,-0.03433594419270104,Sep 2021,Minnesota,Minnesota,-5706494.0
1059,2021,9,SC,8294102,8282349,0.0014190418684361164,Sep 2021,South Carolina,South Carolina,-5118425.0
1021,2021,9,AL,12261480,12573070,-0.024782332397735796,Sep 2021,Alabama,Alabama,-5024279.0
1037,2021,9,LA,7396410,9525616,-0.22352423192368873,Sep 2021,Louisiana,Louisiana,-4657757.0
1036,2021,9,KY,5663410,6880290,-0.1768646379731087,Sep 2021,Kentucky,Kentucky,-4505836.0
1056,2021,9,OR,4404129,5073713,-0.13197120136673082,Sep 2021,Oregon,Oregon,-4237256.0
1055,2021,9,OK,7214398,8142785,-0.11401344871564213,Sep 2021,Oklahoma,Oklahoma,-3959353.0
1026,2021,9,CT,3721467,3328585,0.11803273763476071,Sep 2021,Connecticut,Connecticut,-3605944.0
1064,2021,9,UT,4024379,3254738,0.23646788159292698,Sep 2021,Utah,Utah,-3271616.0
1031,2021,9,IA,5731389,5120283,0.11935004373781684,Sep 2021,Iowa,Iowa,-3190369.0
1052,2021,9,NV,3934882,3703737,0.062408588946785366,Sep 2021,Nevada,Nevada,-3104614.0
1022,2021,9,AR,5719866,6093116,-0.06125765536057413,Sep 2021,Arkansas,Arkansas,-3011524.0
1044,2021,9,MS,5310902,6462999,-0.1782604329661818,Sep 2021,Mississippi,Mississippi,-2961279.0
1035,2021,9,KS,4807661,4672149,0.02900421198039703,Sep 2021,Kansas,Kansas,-2937880.0
1051,2021,9,NM,3091960,3221077,-0.04008503987951856,Sep 2021,New Mexico,New Mexico,-2117522.0
1048,2021,9,NE,3274962,3246488,0.008770708531804214,Sep 2021,Nebraska,Nebraska,-1961504.0
1032,2021,9,ID,1197757,1579343,-0.24161059377222047,Sep 2021,Idaho,Idaho,-1839106.0
1069,2021,9,WV,4806370,5197523,-0.07525757942773895,Sep 2021,West Virginia,West Virginia,-1793716.0
1030,2021,9,HI,789253,878334,-0.10142041637919061,Sep 2021,Hawaii,Hawaii,-1455271.0
1049,2021,9,NH,1667024,1381939,0.20629347605067952,Sep 2021,New Hampshire,New Hampshire,-1377529.0
1040,2021,9,ME,879340,618960,0.42067338761793976,Sep 2021,Maine,Maine,-1362359.0
1058,2021,9,RI,774909,655506,0.182153939094379,Sep 2021,Rhode Island,Rhode Island,-1097379.0
1045,2021,9,MT,1903267,2499023,-0.23839556498679684,Sep 2021,Montana,Montana,-1084225.0
1027,2021,9,DE,297262,442475,-0.32818351319283573,Sep 2021,Delaware,Delaware,-989948.0
1060,2021,9,SD,1306484,977036,0.3371912600968644,Sep 2021,South Dakota,South Dakota,-886667.0
1047,2021,9,ND,3578693,3248496,0.10164611561781206,Sep 2021,North Dakota,North Dakota,-779094.0
1020,2021,9,AK,460154,429399,0.07162336195473208,Sep 2021,Alaska,Alaska,-733391.0
1066,2021,9,VT,160277,113999,0.4059509293941175,Sep 2021,Vermont,Vermont,-643077.0
1070,2021,9,WY,3866123,3698747,0.04525208131294192,Sep 2021,Wyoming,Wyoming,-576851.0
